From, to, distance in meters, calcTime, journeysFound, bestPickDeparture,bestPickTime, worstPickDeparture, worstPickTime
http://irail.be/stations/NMBS/008200100,http://irail.be/stations/NMBS/007015400,491489.3,1257,0
http://irail.be/stations/NMBS/008200100,http://irail.be/stations/NMBS/007015440,459176.7,1140,0
http://irail.be/stations/NMBS/008200100,http://irail.be/stations/NMBS/008008094,186055.7,1041,0
http://irail.be/stations/NMBS/008200100,http://irail.be/stations/NMBS/008010053,232924.3,1317,0
http://irail.be/stations/NMBS/008200100,http://irail.be/stations/NMBS/008010184,215085.8,1233,0
http://irail.be/stations/NMBS/008200100,http://irail.be/stations/NMBS/008010316,208474.1,1260,0
http://irail.be/stations/NMBS/008200100,http://irail.be/stations/NMBS/008011068,190084.9,1202,0
http://irail.be/stations/NMBS/008200100,http://irail.be/stations/NMBS/008011090,181853.8,1320,0
http://irail.be/stations/NMBS/008200100,http://irail.be/stations/NMBS/008015345,130206.7,5765,72019-09-18T06:49:00,13200,2019-09-18T07:49:00,15360
http://irail.be/stations/NMBS/008200100,http://irail.be/stations/NMBS/008015458,160417.8,1302,0
http://irail.be/stations/NMBS/008200100,http://irail.be/stations/NMBS/008015588,153043.6,1343,0
http://irail.be/stations/NMBS/008200100,http://irail.be/stations/NMBS/008032572,165103.2,1784,0
http://irail.be/stations/NMBS/008200100,http://irail.be/stations/NMBS/008039904,193750.5,1573,0
http://irail.be/stations/NMBS/008200100,http://irail.be/stations/NMBS/008200101,3771.146,2650,12019-09-18T16:55:00,13740,2019-09-18T16:55:00,13740
http://irail.be/stations/NMBS/008200100,http://irail.be/stations/NMBS/008200102,2127.7,5523,92019-09-18T10:26:00,19620,2019-09-18T18:26:00,23220
http://irail.be/stations/NMBS/008200100,http://irail.be/stations/NMBS/008200110,16672.57,5323,92019-09-18T10:15:00,18900,2019-09-18T18:15:00,22500
http://irail.be/stations/NMBS/008200100,http://irail.be/stations/NMBS/008200120,27600.87,5001,92019-09-18T10:08:00,18180,2019-09-18T18:08:00,21780
http://irail.be/stations/NMBS/008200100,http://irail.be/stations/NMBS/008200128,33194.21,5500,92019-09-18T10:01:00,17880,2019-09-18T18:01:00,21480
http://irail.be/stations/NMBS/008200100,http://irail.be/stations/NMBS/008200130,40063.04,5039,92019-09-18T09:54:00,17340,2019-09-18T17:54:00,20940
http://irail.be/stations/NMBS/008200100,http://irail.be/stations/NMBS/008200132,44302.5,5489,92019-09-18T09:50:00,16980,2019-09-18T17:50:00,20580
http://irail.be/stations/NMBS/008200100,http://irail.be/stations/NMBS/008200133,47343.75,4975,92019-09-18T09:44:00,16740,2019-09-18T17:44:00,20340
http://irail.be/stations/NMBS/008200100,http://irail.be/stations/NMBS/008200134,51089.84,4810,92019-09-18T09:35:00,16320,2019-09-18T17:35:00,19920
http://irail.be/stations/NMBS/008200100,http://irail.be/stations/NMBS/008200136,58725.05,5032,92019-09-18T09:28:00,15840,2019-09-18T17:28:00,19440
http://irail.be/stations/NMBS/008200100,http://irail.be/stations/NMBS/008200510,5436.79,5789,82019-09-18T04:28:00,3000,2019-09-18T11:28:00,22440
http://irail.be/stations/NMBS/008200100,http://irail.be/stations/NMBS/008200516,8640.22,5378,82019-09-18T04:20:00,2640,2019-09-18T11:20:00,22080
http://irail.be/stations/NMBS/008200100,http://irail.be/stations/NMBS/008200518,11419.56,5811,82019-09-18T04:16:00,2340,2019-09-18T11:16:00,21780
http://irail.be/stations/NMBS/008200100,http://irail.be/stations/NMBS/008200520,16456.66,5831,82019-09-18T04:13:00,2040,2019-09-18T11:13:00,21480
http://irail.be/stations/NMBS/008200100,http://irail.be/stations/NMBS/008200940,21481.5,6150,92019-09-18T05:07:00,3540,2019-09-18T11:07:00,21180
http://irail.be/stations/NMBS/008200100,http://irail.be/stations/NMBS/008210014,7744.359,5651,82019-09-18T04:25:00,2820,2019-09-18T11:25:00,22260
http://irail.be/stations/NMBS/008200100,http://irail.be/stations/NMBS/008400058,317430.2,8116,222019-09-18T11:24:00,22920,2019-09-18T14:24:00,26520
http://irail.be/stations/NMBS/008200100,http://irail.be/stations/NMBS/008400131,241571.9,8873,262019-09-18T08:01:00,16680,2019-09-18T09:01:00,18480
http://irail.be/stations/NMBS/008200100,http://irail.be/stations/NMBS/008400180,265543.7,1370,0
http://irail.be/stations/NMBS/008200100,http://irail.be/stations/NMBS/008400219,133779.2,9586,282019-09-18T07:00:00,12120,2019-09-18T08:00:00,13920
http://irail.be/stations/NMBS/008200100,http://irail.be/stations/NMBS/008400280,304665.8,3430,202019-09-18T09:02:00,20400,2019-09-18T13:02:00,29400
http://irail.be/stations/NMBS/008200100,http://irail.be/stations/NMBS/008400424,142633.2,9188,282019-09-18T07:10:00,12780,2019-09-18T08:10:00,14580
http://irail.be/stations/NMBS/008200100,http://irail.be/stations/NMBS/008400426,140869.5,9314,282019-09-18T07:02:00,12540,2019-09-18T08:02:00,14340
http://irail.be/stations/NMBS/008200100,http://irail.be/stations/NMBS/008400526,246093.3,7763,1302019-09-18T09:02:00,17880,2019-09-18T11:02:00,21120
http://irail.be/stations/NMBS/008200100,http://irail.be/stations/NMBS/008400530,282061.8,9255,262019-09-18T08:26:00,18600,2019-09-18T09:26:00,20400
http://irail.be/stations/NMBS/008200100,http://irail.be/stations/NMBS/008400561,315479,8630,222019-09-18T10:58:00,21960,2019-09-18T13:58:00,25560
http://irail.be/stations/NMBS/008200100,http://irail.be/stations/NMBS/008500010,252168.9,1606,0
http://irail.be/stations/NMBS/008200100,http://irail.be/stations/NMBS/008711184,256560.4,1646,0
http://irail.be/stations/NMBS/008200100,http://irail.be/stations/NMBS/008718201,191278.9,1470,0
http://irail.be/stations/NMBS/008200100,http://irail.be/stations/NMBS/008718206,223786.2,1443,0
http://irail.be/stations/NMBS/008200100,http://irail.be/stations/NMBS/008718213,246685.9,1524,0
http://irail.be/stations/NMBS/008200100,http://irail.be/stations/NMBS/008719100,26056.62,1458,0
http://irail.be/stations/NMBS/008200100,http://irail.be/stations/NMBS/008719203,51946.77,1404,0
http://irail.be/stations/NMBS/008200100,http://irail.be/stations/NMBS/008721202,162202.5,1384,0
http://irail.be/stations/NMBS/008200100,http://irail.be/stations/NMBS/008721222,130477.5,1347,0
http://irail.be/stations/NMBS/008200100,http://irail.be/stations/NMBS/008721405,176723.7,1418,0
http://irail.be/stations/NMBS/008200100,http://irail.be/stations/NMBS/008722326,246840.6,1208,0
http://irail.be/stations/NMBS/008200100,http://irail.be/stations/NMBS/008728600,247008.3,9678,292019-09-18T08:41:00,18600,2019-09-18T14:41:00,27240
http://irail.be/stations/NMBS/008200100,http://irail.be/stations/NMBS/008727100,287707.8,2174,32019-09-18T10:43:00,28080,2019-09-18T10:43:00,28440
http://irail.be/stations/NMBS/008200100,http://irail.be/stations/NMBS/008727149,266652.9,1356,0
http://irail.be/stations/NMBS/008200100,http://irail.be/stations/NMBS/008728105,244963.4,1449,0
http://irail.be/stations/NMBS/008200100,http://irail.be/stations/NMBS/008728606,244026.7,2465,92019-09-18T12:41:00,19620,2019-09-18T12:41:00,27180
http://irail.be/stations/NMBS/008200100,http://irail.be/stations/NMBS/008728654,246143.5,7107,242019-09-18T08:33:00,17700,2019-09-18T14:33:00,26340
http://irail.be/stations/NMBS/008200100,http://irail.be/stations/NMBS/008728671,243483.2,1474,0
http://irail.be/stations/NMBS/008200100,http://irail.be/stations/NMBS/008728673,244217.1,8031,242019-09-18T08:36:00,18000,2019-09-18T14:36:00,26640
http://irail.be/stations/NMBS/008200100,http://irail.be/stations/NMBS/008728683,242715.2,6602,392019-09-18T08:40:00,18180,2019-09-18T13:42:00,30480
http://irail.be/stations/NMBS/008200100,http://irail.be/stations/NMBS/008728685,241764.5,2232,62019-09-18T13:08:00,21180,2019-09-18T13:08:00,28740
http://irail.be/stations/NMBS/008200100,http://irail.be/stations/NMBS/008728686,239872.9,5834,392019-09-18T08:34:00,17940,2019-09-18T13:36:00,30300
http://irail.be/stations/NMBS/008200100,http://irail.be/stations/NMBS/008728687,233792.5,6618,422019-09-18T08:32:00,17580,2019-09-18T13:34:00,29940
http://irail.be/stations/NMBS/008200100,http://irail.be/stations/NMBS/008728710,243023.6,2403,212019-09-18T12:44:00,19800,2019-09-18T11:43:00,23760
http://irail.be/stations/NMBS/008200100,http://irail.be/stations/NMBS/008731388,239997.1,1240,0
http://irail.be/stations/NMBS/008200100,http://irail.be/stations/NMBS/008731896,639715.3,1593,0
http://irail.be/stations/NMBS/008200100,http://irail.be/stations/NMBS/008731901,686124.2,1508,0
http://irail.be/stations/NMBS/008200100,http://irail.be/stations/NMBS/008772202,439337.1,1375,0
http://irail.be/stations/NMBS/008200100,http://irail.be/stations/NMBS/008772319,437371,1543,0
http://irail.be/stations/NMBS/008200100,http://irail.be/stations/NMBS/008774100,448234.6,1408,0
http://irail.be/stations/NMBS/008200100,http://irail.be/stations/NMBS/008774164,436995.3,1402,0
http://irail.be/stations/NMBS/008200100,http://irail.be/stations/NMBS/008774172,458353.2,1199,0
http://irail.be/stations/NMBS/008200100,http://irail.be/stations/NMBS/008774176,451527.5,1329,0
http://irail.be/stations/NMBS/008200100,http://irail.be/stations/NMBS/008774177,449905.5,1131,0
http://irail.be/stations/NMBS/008200100,http://irail.be/stations/NMBS/008774179,445264.4,1067,0
http://irail.be/stations/NMBS/008200100,http://irail.be/stations/NMBS/008775100,702543.8,1313,0
http://irail.be/stations/NMBS/008200100,http://irail.be/stations/NMBS/008775500,719875.4,1509,0
http://irail.be/stations/NMBS/008200100,http://irail.be/stations/NMBS/008775544,683751.7,1305,0
http://irail.be/stations/NMBS/008200100,http://irail.be/stations/NMBS/008775605,661172.9,1371,0
http://irail.be/stations/NMBS/008200100,http://irail.be/stations/NMBS/008775752,688519.5,1215,0
http://irail.be/stations/NMBS/008200100,http://irail.be/stations/NMBS/008775762,675719.1,1033,0
http://irail.be/stations/NMBS/008200100,http://irail.be/stations/NMBS/008775767,672894.9,1152,0
http://irail.be/stations/NMBS/008200100,http://irail.be/stations/NMBS/008776290,438545.7,1073,0
http://irail.be/stations/NMBS/008200100,http://irail.be/stations/NMBS/008776302,519669.6,1048,0
http://irail.be/stations/NMBS/008200100,http://irail.be/stations/NMBS/008777300,688477.7,1073,0
http://irail.be/stations/NMBS/008200100,http://irail.be/stations/NMBS/008777320,712811.9,1027,0
http://irail.be/stations/NMBS/008200100,http://irail.be/stations/NMBS/008777500,655305.1,1160,0
http://irail.be/stations/NMBS/008200100,http://irail.be/stations/NMBS/008778100,731397.8,1537,0
http://irail.be/stations/NMBS/008200100,http://irail.be/stations/NMBS/008778110,751984.5,1399,0
http://irail.be/stations/NMBS/008200100,http://irail.be/stations/NMBS/008778127,727851.4,1291,0
http://irail.be/stations/NMBS/008200100,http://irail.be/stations/NMBS/008778400,807584,1162,0
http://irail.be/stations/NMBS/008200100,http://irail.be/stations/NMBS/008811007,189165.9,15064,152019-09-18T06:49:00,11520,2019-09-18T20:05:00,17520
http://irail.be/stations/NMBS/008200100,http://irail.be/stations/NMBS/008811106,187230.7,16810,192019-09-18T06:35:00,10680,2019-09-18T19:22:00,14940
http://irail.be/stations/NMBS/008200100,http://irail.be/stations/NMBS/008811130,188388.3,13204,302019-09-18T07:07:00,12600,2019-09-18T19:45:00,16380
http://irail.be/stations/NMBS/008200100,http://irail.be/stations/NMBS/008811148,189806.2,5655,232019-09-18T07:19:00,13380,2019-09-18T15:32:00,15960
http://irail.be/stations/NMBS/008200100,http://irail.be/stations/NMBS/008811155,188107.1,14092,362019-09-18T06:58:00,12060,2019-09-18T17:28:00,19260
http://irail.be/stations/NMBS/008200100,http://irail.be/stations/NMBS/008811163,187639.6,20089,192019-09-18T06:38:00,10800,2019-09-18T19:25:00,15060
http://irail.be/stations/NMBS/008200100,http://irail.be/stations/NMBS/008811171,186406.2,15716,202019-09-18T06:31:00,10500,2019-09-18T09:20:00,14820
http://irail.be/stations/NMBS/008200100,http://irail.be/stations/NMBS/008811189,190539.4,17814,292019-09-18T06:49:00,11460,2019-09-18T17:43:00,16140
http://irail.be/stations/NMBS/008200100,http://irail.be/stations/NMBS/008811197,184977.5,9815,332019-09-18T06:35:00,10620,2019-09-18T10:00:00,17220
http://irail.be/stations/NMBS/008200100,http://irail.be/stations/NMBS/008811205,183032.5,10845,332019-09-18T06:32:00,10500,2019-09-18T09:58:00,17040
http://irail.be/stations/NMBS/008200100,http://irail.be/stations/NMBS/008811429,182477.2,9156,182019-09-18T06:42:00,11040,2019-09-18T12:13:00,17940
http://irail.be/stations/NMBS/008200100,http://irail.be/stations/NMBS/008814472,182596.8,6970,622019-09-18T06:58:00,12060,2019-09-18T09:56:00,16920
http://irail.be/stations/NMBS/008200100,http://irail.be/stations/NMBS/008811213,187195.9,17295,202019-09-18T06:43:00,11160,2019-09-18T19:47:00,16440
http://irail.be/stations/NMBS/008200100,http://irail.be/stations/NMBS/008811221,185560.1,18055,242019-09-18T06:47:00,11340,2019-09-18T19:41:00,16200
http://irail.be/stations/NMBS/008200100,http://irail.be/stations/NMBS/008811247,183722.2,11651,282019-09-18T06:56:00,11940,2019-09-18T19:56:00,16980
http://irail.be/stations/NMBS/008200100,http://irail.be/stations/NMBS/008811254,182912.2,14550,192019-09-18T06:53:00,11700,2019-09-18T19:59:00,17160
http://irail.be/stations/NMBS/008200100,http://irail.be/stations/NMBS/008811262,181396,10981,332019-09-18T07:03:00,12360,2019-09-18T20:03:00,17400
http://irail.be/stations/NMBS/008200100,http://irail.be/stations/NMBS/008811270,179679.4,11632,332019-09-18T07:06:00,12540,2019-09-18T20:06:00,17580
http://irail.be/stations/NMBS/008200100,http://irail.be/stations/NMBS/008811288,178331.4,13068,222019-09-18T07:00:00,12120,2019-09-18T20:09:00,17760
http://irail.be/stations/NMBS/008200100,http://irail.be/stations/NMBS/008811304,186153.7,15625,202019-09-18T06:23:00,9960,2019-09-18T10:30:00,19020
http://irail.be/stations/NMBS/008200100,http://irail.be/stations/NMBS/008811916,186170.5,16402,202019-09-18T06:28:00,10200,2019-09-18T10:36:00,19320
http://irail.be/stations/NMBS/008200100,http://irail.be/stations/NMBS/008811403,185181.5,15001,172019-09-18T06:31:00,10440,2019-09-18T09:31:00,15480
http://irail.be/stations/NMBS/008200100,http://irail.be/stations/NMBS/008811411,184031.9,13837,212019-09-18T07:12:00,11040,2019-09-18T09:34:00,15600
http://irail.be/stations/NMBS/008200100,http://irail.be/stations/NMBS/008811437,180909.5,8497,162019-09-18T07:06:00,10800,2019-09-18T09:47:00,16380
http://irail.be/stations/NMBS/008200100,http://irail.be/stations/NMBS/008811445,176600,10245,162019-09-18T07:04:00,10560,2019-09-18T09:49:00,16620
http://irail.be/stations/NMBS/008200100,http://irail.be/stations/NMBS/008811460,175253.9,6920,182019-09-18T06:31:00,10500,2019-09-18T12:22:00,18480
http://irail.be/stations/NMBS/008200100,http://irail.be/stations/NMBS/008811510,172026.1,8876,162019-09-18T06:28:00,10200,2019-09-18T09:54:00,16920
http://irail.be/stations/NMBS/008200100,http://irail.be/stations/NMBS/008811528,170175.8,9533,262019-09-18T06:26:00,10080,2019-09-18T09:59:00,17100
http://irail.be/stations/NMBS/008200100,http://irail.be/stations/NMBS/008811536,168149.4,9942,262019-09-18T06:23:00,9900,2019-09-18T10:02:00,17340
http://irail.be/stations/NMBS/008200100,http://irail.be/stations/NMBS/008811544,166590.1,8185,142019-09-18T06:18:00,9780,2019-09-18T10:18:00,18420
http://irail.be/stations/NMBS/008200100,http://irail.be/stations/NMBS/008811601,163333.6,13447,162019-09-18T06:08:00,9120,2019-09-18T10:08:00,17760
http://irail.be/stations/NMBS/008200100,http://irail.be/stations/NMBS/008811635,164540.4,10487,92019-09-18T06:22:00,9960,2019-09-18T09:31:00,15480
http://irail.be/stations/NMBS/008200100,http://irail.be/stations/NMBS/008811676,160779.4,12495,192019-09-18T06:21:00,10080,2019-09-18T10:12:00,18180
http://irail.be/stations/NMBS/008200100,http://irail.be/stations/NMBS/008811718,164891.2,11627,102019-09-18T06:26:00,10140,2019-09-18T17:56:00,16920
http://irail.be/stations/NMBS/008200100,http://irail.be/stations/NMBS/008811726,165119.7,10985,102019-09-18T06:29:00,10260,2019-09-18T17:52:00,16740
http://irail.be/stations/NMBS/008200100,http://irail.be/stations/NMBS/008811734,165009,10095,92019-09-18T06:32:00,10440,2019-09-18T17:49:00,16560
http://irail.be/stations/NMBS/008200100,http://irail.be/stations/NMBS/008811742,164748.7,8976,92019-09-18T06:34:00,10620,2019-09-18T17:46:00,16380
http://irail.be/stations/NMBS/008200100,http://irail.be/stations/NMBS/008811759,165671.1,7353,92019-09-18T06:37:00,10800,2019-09-18T17:44:00,16200
http://irail.be/stations/NMBS/008200100,http://irail.be/stations/NMBS/008811767,166668.9,10013,92019-09-18T06:40:00,10920,2019-09-18T17:41:00,16080
http://irail.be/stations/NMBS/008200100,http://irail.be/stations/NMBS/008811775,168234.1,7516,102019-09-18T06:42:00,11100,2019-09-18T17:38:00,15900
http://irail.be/stations/NMBS/008200100,http://irail.be/stations/NMBS/008811817,162248.1,7013,172019-09-18T06:21:00,9840,2019-09-18T10:21:00,18480
http://irail.be/stations/NMBS/008200100,http://irail.be/stations/NMBS/008811825,161261.6,7886,172019-09-18T06:24:00,10020,2019-09-18T10:24:00,18660
http://irail.be/stations/NMBS/008200100,http://irail.be/stations/NMBS/008812005,188456.1,22152,122019-09-18T06:31:00,10800,2019-09-18T08:48:00,13020
http://irail.be/stations/NMBS/008200100,http://irail.be/stations/NMBS/008813045,187778.2,6480,82019-09-18T06:47:00,11340,2019-09-18T09:13:00,14340
http://irail.be/stations/NMBS/008200100,http://irail.be/stations/NMBS/008812013,190303,7204,162019-09-18T07:12:00,12840,2019-09-18T08:12:00,14640
http://irail.be/stations/NMBS/008200100,http://irail.be/stations/NMBS/008815016,190384.7,6937,162019-09-18T07:39:00,12780,2019-09-18T08:14:00,14760
http://irail.be/stations/NMBS/008200100,http://irail.be/stations/NMBS/008812021,190660.9,12055,252019-09-18T06:35:00,11040,2019-09-18T15:08:00,14160
http://irail.be/stations/NMBS/008200100,http://irail.be/stations/NMBS/008812047,191834.7,12687,192019-09-18T06:45:00,11220,2019-09-18T15:12:00,14280
http://irail.be/stations/NMBS/008200100,http://irail.be/stations/NMBS/008812062,195057.9,9509,262019-09-18T06:58:00,12120,2019-09-18T17:58:00,17160
http://irail.be/stations/NMBS/008200100,http://irail.be/stations/NMBS/008812070,199607.3,9972,262019-09-18T07:02:00,12420,2019-09-18T18:02:00,17460
http://irail.be/stations/NMBS/008200100,http://irail.be/stations/NMBS/008812112,201342.9,9223,262019-09-18T07:08:00,12660,2019-09-18T18:08:00,17700
http://irail.be/stations/NMBS/008200100,http://irail.be/stations/NMBS/008812120,202814.7,10173,262019-09-18T07:11:00,12840,2019-09-18T18:11:00,17880
http://irail.be/stations/NMBS/008200100,http://irail.be/stations/NMBS/008812146,206116.5,11262,262019-09-18T07:15:00,13080,2019-09-18T18:15:00,18120
http://irail.be/stations/NMBS/008200100,http://irail.be/stations/NMBS/008812153,208808.6,10248,262019-09-18T07:19:00,13380,2019-09-18T18:19:00,18420
http://irail.be/stations/NMBS/008200100,http://irail.be/stations/NMBS/008812161,211103.2,9745,262019-09-18T07:23:00,13560,2019-09-18T18:23:00,18600
http://irail.be/stations/NMBS/008200100,http://irail.be/stations/NMBS/008812211,192911.9,9028,252019-09-18T06:48:00,11460,2019-09-18T19:14:00,14820
http://irail.be/stations/NMBS/008200100,http://irail.be/stations/NMBS/008812229,193360,9136,252019-09-18T06:51:00,11580,2019-09-18T19:17:00,14940
http://irail.be/stations/NMBS/008200100,http://irail.be/stations/NMBS/008812237,194705.9,9202,252019-09-18T06:53:00,11700,2019-09-18T19:19:00,15060
http://irail.be/stations/NMBS/008200100,http://irail.be/stations/NMBS/008812245,196631,9858,252019-09-18T06:56:00,11940,2019-09-18T19:22:00,15300
http://irail.be/stations/NMBS/008200100,http://irail.be/stations/NMBS/008812252,199187,10709,252019-09-18T06:59:00,12120,2019-09-18T19:25:00,15480
http://irail.be/stations/NMBS/008200100,http://irail.be/stations/NMBS/008812260,202322,12535,302019-09-18T07:03:00,12420,2019-09-18T12:48:00,27720
http://irail.be/stations/NMBS/008200100,http://irail.be/stations/NMBS/008813003,187507.9,28524,242019-09-18T06:44:00,11100,2019-09-18T08:57:00,13380
http://irail.be/stations/NMBS/008200100,http://irail.be/stations/NMBS/008813037,187570,4656,202019-09-18T06:52:00,11640,2019-09-18T09:52:00,16680
http://irail.be/stations/NMBS/008200100,http://irail.be/stations/NMBS/008814001,187680.4,24780,282019-09-18T06:47:00,11400,2019-09-18T09:01:00,13680
http://irail.be/stations/NMBS/008200100,http://irail.be/stations/NMBS/008814118,186403.1,9985,452019-09-18T07:00:00,12240,2019-09-18T19:28:00,15600
http://irail.be/stations/NMBS/008200100,http://irail.be/stations/NMBS/008814373,186906.5,9706,342019-09-18T07:03:00,12480,2019-09-18T09:34:00,15780
http://irail.be/stations/NMBS/008200100,http://irail.be/stations/NMBS/008814126,185640.3,7588,632019-09-18T07:26:00,13680,2019-09-18T08:28:00,15600
http://irail.be/stations/NMBS/008200100,http://irail.be/stations/NMBS/008814134,184386.7,9909,452019-09-18T07:05:00,12420,2019-09-18T09:30:00,15360
http://irail.be/stations/NMBS/008200100,http://irail.be/stations/NMBS/008814431,183402.4,13053,222019-09-18T07:01:00,12240,2019-09-18T17:52:00,16740
http://irail.be/stations/NMBS/008200100,http://irail.be/stations/NMBS/008814142,182604.9,11932,202019-09-18T06:50:00,11640,2019-09-18T09:33:00,15540
http://irail.be/stations/NMBS/008200100,http://irail.be/stations/NMBS/008814159,181406.9,7893,322019-09-18T07:36:00,12480,2019-09-18T08:36:00,16080
http://irail.be/stations/NMBS/008200100,http://irail.be/stations/NMBS/008814167,179451.5,13342,202019-09-18T06:56:00,11880,2019-09-18T09:39:00,15900
http://irail.be/stations/NMBS/008200100,http://irail.be/stations/NMBS/008814175,178311.9,6809,372019-09-18T07:42:00,12840,2019-09-18T08:42:00,16440
http://irail.be/stations/NMBS/008200100,http://irail.be/stations/NMBS/008814209,169726.5,13378,252019-09-18T07:14:00,13140,2019-09-18T09:35:00,15840
http://irail.be/stations/NMBS/008200100,http://irail.be/stations/NMBS/008814241,171463.7,13988,322019-09-18T07:41:00,12960,2019-09-18T09:53:00,16920
http://irail.be/stations/NMBS/008200100,http://irail.be/stations/NMBS/008814258,173900.2,13972,212019-09-18T07:04:00,12480,2019-09-18T09:26:00,15180
http://irail.be/stations/NMBS/008200100,http://irail.be/stations/NMBS/008814266,175850.3,11947,202019-09-18T07:00:00,12180,2019-09-18T09:44:00,16260
http://irail.be/stations/NMBS/008200100,http://irail.be/stations/NMBS/008814308,184585.7,17234,362019-09-18T07:00:00,12120,2019-09-18T19:33:00,15540
http://irail.be/stations/NMBS/008200100,http://irail.be/stations/NMBS/008814332,184183.1,10055,342019-09-18T07:20:00,13380,2019-09-18T09:52:00,16740
http://irail.be/stations/NMBS/008200100,http://irail.be/stations/NMBS/008814340,184990,11080,342019-09-18T07:14:00,12960,2019-09-18T09:45:00,16260
http://irail.be/stations/NMBS/008200100,http://irail.be/stations/NMBS/008814357,185345.7,8983,342019-09-18T07:11:00,12840,2019-09-18T09:42:00,16140
http://irail.be/stations/NMBS/008200100,http://irail.be/stations/NMBS/008814365,186227.5,9763,342019-09-18T07:08:00,12660,2019-09-18T09:39:00,15960
http://irail.be/stations/NMBS/008200100,http://irail.be/stations/NMBS/008814415,184607.5,13657,202019-09-18T07:07:00,12660,2019-09-18T17:45:00,16320
http://irail.be/stations/NMBS/008200100,http://irail.be/stations/NMBS/008814423,183900.2,13939,222019-09-18T07:04:00,12420,2019-09-18T17:48:00,16560
http://irail.be/stations/NMBS/008200100,http://irail.be/stations/NMBS/008814449,183093.4,15601,122019-09-18T06:46:00,11340,2019-09-18T09:46:00,16380
http://irail.be/stations/NMBS/008200100,http://irail.be/stations/NMBS/008814456,182184.2,14528,122019-09-18T06:39:00,10860,2019-09-18T09:39:00,15900
http://irail.be/stations/NMBS/008200100,http://irail.be/stations/NMBS/008814464,182680,14305,122019-09-18T06:42:00,11100,2019-09-18T09:42:00,16140
http://irail.be/stations/NMBS/008200100,http://irail.be/stations/NMBS/008815040,189465.2,6983,162019-09-18T07:06:00,12660,2019-09-18T16:07:00,14520
http://irail.be/stations/NMBS/008200100,http://irail.be/stations/NMBS/008819406,185924.2,18234,122019-09-18T06:50:00,11820,2019-09-18T19:18:00,14700
http://irail.be/stations/NMBS/008200100,http://irail.be/stations/NMBS/008821006,216933.3,16759,242019-09-18T07:31:00,14100,2019-09-18T19:31:00,15540
http://irail.be/stations/NMBS/008200100,http://irail.be/stations/NMBS/008821022,215426.7,907,0
http://irail.be/stations/NMBS/008200100,http://irail.be/stations/NMBS/008821030,218085.7,1075,0
http://irail.be/stations/NMBS/008200100,http://irail.be/stations/NMBS/008821048,225262.5,1148,0
http://irail.be/stations/NMBS/008200100,http://irail.be/stations/NMBS/008821063,219249,11941,252019-09-18T07:37:00,14580,2019-09-18T20:20:00,18600
http://irail.be/stations/NMBS/008200100,http://irail.be/stations/NMBS/008821071,222361,11504,592019-09-18T08:17:00,14940,2019-09-18T20:30:00,19020
http://irail.be/stations/NMBS/008200100,http://irail.be/stations/NMBS/008821089,220751.3,11935,572019-09-18T07:44:00,14820,2019-09-18T20:27:00,18840
http://irail.be/stations/NMBS/008200100,http://irail.be/stations/NMBS/008821105,222363.1,7467,262019-09-18T07:49:00,15540,2019-09-18T08:49:00,17340
http://irail.be/stations/NMBS/008200100,http://irail.be/stations/NMBS/008821121,214849.5,16507,192019-09-18T07:57:00,13740,2019-09-18T19:27:00,15180
http://irail.be/stations/NMBS/008200100,http://irail.be/stations/NMBS/008821147,212718.3,19006,412019-09-18T08:03:00,14160,2019-09-18T08:44:00,16680
http://irail.be/stations/NMBS/008200100,http://irail.be/stations/NMBS/008821154,212800.7,1146,0
http://irail.be/stations/NMBS/008200100,http://irail.be/stations/NMBS/008821196,216405.3,13684,482019-09-18T08:12:00,14760,2019-09-18T10:37:00,19500
http://irail.be/stations/NMBS/008200100,http://irail.be/stations/NMBS/008821238,211359.4,12429,302019-09-18T08:10:00,14520,2019-09-18T18:10:00,17760
http://irail.be/stations/NMBS/008200100,http://irail.be/stations/NMBS/008821246,210634,15629,512019-09-18T07:41:00,14640,2019-09-18T18:41:00,19680
http://irail.be/stations/NMBS/008200100,http://irail.be/stations/NMBS/008821311,207143.3,12678,472019-09-18T08:02:00,14160,2019-09-18T18:33:00,19260
http://irail.be/stations/NMBS/008200100,http://irail.be/stations/NMBS/008821337,209420.5,12783,472019-09-18T08:07:00,14400,2019-09-18T18:38:00,19500
http://irail.be/stations/NMBS/008200100,http://irail.be/stations/NMBS/008821402,238825.3,11692,592019-09-18T08:38:00,16320,2019-09-18T20:56:00,20640
http://irail.be/stations/NMBS/008200100,http://irail.be/stations/NMBS/008821436,235081.8,10785,1112019-09-18T08:16:00,16800,2019-09-18T18:52:00,20400
http://irail.be/stations/NMBS/008200100,http://irail.be/stations/NMBS/008821444,231440.8,12302,592019-09-18T08:32:00,15840,2019-09-18T20:49:00,20100
http://irail.be/stations/NMBS/008200100,http://irail.be/stations/NMBS/008821451,230234.5,9433,1102019-09-18T08:46:00,16740,2019-09-18T10:46:00,19980
http://irail.be/stations/NMBS/008200100,http://irail.be/stations/NMBS/008821519,229153.2,13888,592019-09-18T08:25:00,15600,2019-09-18T20:40:00,19800
http://irail.be/stations/NMBS/008200100,http://irail.be/stations/NMBS/008821535,225386.9,12536,592019-09-18T08:22:00,15240,2019-09-18T20:36:00,19380
http://irail.be/stations/NMBS/008200100,http://irail.be/stations/NMBS/008821543,223264.2,12817,782019-09-18T08:02:00,15840,2019-09-18T18:34:00,19200
http://irail.be/stations/NMBS/008200100,http://irail.be/stations/NMBS/008821600,203972.5,16989,292019-09-18T07:12:00,13200,2019-09-18T19:34:00,15900
http://irail.be/stations/NMBS/008200100,http://irail.be/stations/NMBS/008821634,209111.3,14209,232019-09-18T08:06:00,14460,2019-09-18T09:43:00,16380
http://irail.be/stations/NMBS/008200100,http://irail.be/stations/NMBS/008821659,203191,8862,292019-09-18T07:45:00,15000,2019-09-18T12:53:00,28080
http://irail.be/stations/NMBS/008200100,http://irail.be/stations/NMBS/008821667,202239.1,8797,292019-09-18T07:50:00,15180,2019-09-18T12:58:00,28260
http://irail.be/stations/NMBS/008200100,http://irail.be/stations/NMBS/008821709,198839.8,7315,222019-09-18T07:59:00,15720,2019-09-18T20:00:00,17580
http://irail.be/stations/NMBS/008200100,http://irail.be/stations/NMBS/008821717,198667.5,12147,362019-09-18T07:32:00,14160,2019-09-18T10:32:00,19200
http://irail.be/stations/NMBS/008200100,http://irail.be/stations/NMBS/008821725,199954.4,8236,292019-09-18T07:54:00,15540,2019-09-18T13:02:00,28620
http://irail.be/stations/NMBS/008200100,http://irail.be/stations/NMBS/008821816,198923.2,11083,152019-09-18T08:19:00,15300,2019-09-18T07:30:00,15480
http://irail.be/stations/NMBS/008200100,http://irail.be/stations/NMBS/008821824,195936.8,11085,152019-09-18T07:26:00,15240,2019-09-18T08:25:00,15540
http://irail.be/stations/NMBS/008200100,http://irail.be/stations/NMBS/008821832,192610.8,13332,152019-09-18T06:55:00,13440,2019-09-18T07:55:00,15540
http://irail.be/stations/NMBS/008200100,http://irail.be/stations/NMBS/008821857,186725.1,9985,132019-09-18T07:17:00,14640,2019-09-18T08:17:00,15000
http://irail.be/stations/NMBS/008200100,http://irail.be/stations/NMBS/008821865,184285.2,12070,132019-09-18T07:12:00,14460,2019-09-18T08:12:00,14820
http://irail.be/stations/NMBS/008200100,http://irail.be/stations/NMBS/008821907,209360.5,14409,392019-09-18T07:47:00,15240,2019-09-18T10:47:00,20280
http://irail.be/stations/NMBS/008200100,http://irail.be/stations/NMBS/008821964,202528,13044,392019-09-18T07:38:00,14760,2019-09-18T10:38:00,19800
http://irail.be/stations/NMBS/008200100,http://irail.be/stations/NMBS/008822004,196438,20165,172019-09-18T06:58:00,12120,2019-09-18T09:07:00,14160
http://irail.be/stations/NMBS/008200100,http://irail.be/stations/NMBS/008822053,201216,10286,402019-09-18T07:31:00,14340,2019-09-18T11:15:00,21780
http://irail.be/stations/NMBS/008200100,http://irail.be/stations/NMBS/008822111,203765.7,12123,112019-09-18T07:22:00,13500,2019-09-18T09:22:00,14940
http://irail.be/stations/NMBS/008200100,http://irail.be/stations/NMBS/008822137,207427,10689,412019-09-18T08:07:00,14400,2019-09-18T11:07:00,21240
http://irail.be/stations/NMBS/008200100,http://irail.be/stations/NMBS/008822145,208852.8,11488,412019-09-18T08:04:00,14220,2019-09-18T11:04:00,21060
http://irail.be/stations/NMBS/008200100,http://irail.be/stations/NMBS/008822160,211373.2,11873,412019-09-18T08:00:00,14040,2019-09-18T11:00:00,20880
http://irail.be/stations/NMBS/008200100,http://irail.be/stations/NMBS/008822210,202586.6,13219,472019-09-18T07:58:00,13860,2019-09-18T18:30:00,18960
http://irail.be/stations/NMBS/008200100,http://irail.be/stations/NMBS/008822228,200550,12556,472019-09-18T07:53:00,13680,2019-09-18T18:25:00,18840
http://irail.be/stations/NMBS/008200100,http://irail.be/stations/NMBS/008822251,193412.3,14532,322019-09-18T07:05:00,12480,2019-09-18T18:05:00,17520
http://irail.be/stations/NMBS/008200100,http://irail.be/stations/NMBS/008822269,192344.2,16351,402019-09-18T06:59:00,12300,2019-09-18T17:59:00,17340
http://irail.be/stations/NMBS/008200100,http://irail.be/stations/NMBS/008822277,193216.6,7560,362019-09-18T07:23:00,13620,2019-09-18T10:27:00,18960
http://irail.be/stations/NMBS/008200100,http://irail.be/stations/NMBS/008822343,197222.9,15257,432019-09-18T07:49:00,13320,2019-09-18T17:58:00,17100
http://irail.be/stations/NMBS/008200100,http://irail.be/stations/NMBS/008822426,194289.1,11355,352019-09-18T07:17:00,13320,2019-09-18T09:31:00,15480
http://irail.be/stations/NMBS/008200100,http://irail.be/stations/NMBS/008822459,192364.4,8367,342019-09-18T07:28:00,13860,2019-09-18T16:27:00,15660
http://irail.be/stations/NMBS/008200100,http://irail.be/stations/NMBS/008822475,189428.8,13310,182019-09-18T07:23:00,13560,2019-09-18T07:31:00,14040
http://irail.be/stations/NMBS/008200100,http://irail.be/stations/NMBS/008822517,186414,12867,162019-09-18T07:20:00,13320,2019-09-18T07:35:00,14280
http://irail.be/stations/NMBS/008200100,http://irail.be/stations/NMBS/008822525,184690.6,13963,142019-09-18T07:17:00,13200,2019-09-18T07:39:00,14520
http://irail.be/stations/NMBS/008200100,http://irail.be/stations/NMBS/008822533,182378.1,10909,192019-09-18T07:13:00,13020,2019-09-18T08:13:00,14820
http://irail.be/stations/NMBS/008200100,http://irail.be/stations/NMBS/008822608,206153.8,10237,262019-09-18T07:41:00,15180,2019-09-18T16:41:00,16980
http://irail.be/stations/NMBS/008200100,http://irail.be/stations/NMBS/008822715,210312.7,12319,262019-09-18T07:54:00,15540,2019-09-18T09:49:00,16980
http://irail.be/stations/NMBS/008200100,http://irail.be/stations/NMBS/008822772,214074.8,11425,232019-09-18T08:01:00,15900,2019-09-18T10:01:00,17340
http://irail.be/stations/NMBS/008200100,http://irail.be/stations/NMBS/008822814,208083.5,11887,362019-09-18T08:09:00,16380,2019-09-18T18:39:00,19620
http://irail.be/stations/NMBS/008200100,http://irail.be/stations/NMBS/008822848,208781,12325,322019-09-18T08:07:00,16260,2019-09-18T18:45:00,19980
http://irail.be/stations/NMBS/008200100,http://irail.be/stations/NMBS/008824158,216781.9,9457,362019-09-18T07:53:00,15480,2019-09-18T18:23:00,18720
http://irail.be/stations/NMBS/008200100,http://irail.be/stations/NMBS/008824224,213048.2,11641,362019-09-18T07:58:00,15780,2019-09-18T18:28:00,19020
http://irail.be/stations/NMBS/008200100,http://irail.be/stations/NMBS/008824232,212017.5,11237,362019-09-18T08:03:00,15960,2019-09-18T18:33:00,19200
http://irail.be/stations/NMBS/008200100,http://irail.be/stations/NMBS/008824240,210864.6,11154,362019-09-18T08:06:00,16140,2019-09-18T18:36:00,19380
http://irail.be/stations/NMBS/008200100,http://irail.be/stations/NMBS/008829009,239514.9,1307,0
http://irail.be/stations/NMBS/008200100,http://irail.be/stations/NMBS/008831005,158676.3,15567,532019-09-18T14:55:00,13500,2019-09-18T08:24:00,15600
http://irail.be/stations/NMBS/008200100,http://irail.be/stations/NMBS/008831039,155071,9286,132019-09-18T14:45:00,13080,2019-09-18T08:15:00,15180
http://irail.be/stations/NMBS/008200100,http://irail.be/stations/NMBS/008831088,165871.2,9118,322019-09-18T07:46:00,15180,2019-09-18T08:46:00,16980
http://irail.be/stations/NMBS/008200100,http://irail.be/stations/NMBS/008831112,154290.4,9765,462019-09-18T07:07:00,14280,2019-09-18T08:57:00,17640
http://irail.be/stations/NMBS/008200100,http://irail.be/stations/NMBS/008831138,147883.5,9889,432019-09-18T06:59:00,13860,2019-09-18T08:44:00,16860
http://irail.be/stations/NMBS/008200100,http://irail.be/stations/NMBS/008831310,139831.6,10874,412019-09-18T06:53:00,13320,2019-09-18T08:11:00,16920
http://irail.be/stations/NMBS/008200100,http://irail.be/stations/NMBS/008831401,172989.8,12392,282019-09-18T07:03:00,13860,2019-09-18T08:29:00,15780
http://irail.be/stations/NMBS/008200100,http://irail.be/stations/NMBS/008831765,158578,7975,352019-09-18T15:17:00,14820,2019-09-18T08:47:00,16980
http://irail.be/stations/NMBS/008200100,http://irail.be/stations/NMBS/008831781,159318.3,7923,352019-09-18T15:12:00,14460,2019-09-18T08:42:00,16620
http://irail.be/stations/NMBS/008200100,http://irail.be/stations/NMBS/008831807,151546.9,8317,132019-09-18T14:29:00,12180,2019-09-18T08:06:00,14640
http://irail.be/stations/NMBS/008200100,http://irail.be/stations/NMBS/008832003,179800.1,9441,632019-09-18T15:37:00,15900,2019-09-18T09:37:00,19860
http://irail.be/stations/NMBS/008200100,http://irail.be/stations/NMBS/008832045,187498.6,9395,632019-09-18T08:07:00,16320,2019-09-18T09:41:00,20280
http://irail.be/stations/NMBS/008200100,http://irail.be/stations/NMBS/008832227,177301.2,9027,632019-09-18T15:32:00,15660,2019-09-18T09:32:00,19620
http://irail.be/stations/NMBS/008200100,http://irail.be/stations/NMBS/008832235,173426.2,9742,632019-09-18T15:28:00,15300,2019-09-18T09:28:00,19260
http://irail.be/stations/NMBS/008200100,http://irail.be/stations/NMBS/008832243,170969,7928,392019-09-18T15:24:00,15120,2019-09-18T09:24:00,19080
http://irail.be/stations/NMBS/008200100,http://irail.be/stations/NMBS/008832250,169303.7,8164,392019-09-18T15:18:00,14880,2019-09-18T09:18:00,18840
http://irail.be/stations/NMBS/008200100,http://irail.be/stations/NMBS/008832334,164254.8,7885,392019-09-18T15:08:00,14520,2019-09-18T09:08:00,18480
http://irail.be/stations/NMBS/008200100,http://irail.be/stations/NMBS/008832375,160601.6,9115,352019-09-18T15:03:00,14160,2019-09-18T08:33:00,16320
http://irail.be/stations/NMBS/008200100,http://irail.be/stations/NMBS/008832409,191041.2,11261,672019-09-18T07:55:00,15720,2019-09-18T13:27:00,30300
http://irail.be/stations/NMBS/008200100,http://irail.be/stations/NMBS/008832433,192415.9,9492,452019-09-18T07:49:00,15240,2019-09-18T13:21:00,29760
http://irail.be/stations/NMBS/008200100,http://irail.be/stations/NMBS/008832458,195572.3,9831,452019-09-18T07:43:00,14940,2019-09-18T13:15:00,29400
http://irail.be/stations/NMBS/008200100,http://irail.be/stations/NMBS/008832565,188414.1,6716,362019-09-18T08:10:00,16800,2019-09-18T19:35:00,24060
http://irail.be/stations/NMBS/008200100,http://irail.be/stations/NMBS/008832573,186573.4,6249,362019-09-18T08:20:00,17160,2019-09-18T19:57:00,24840
http://irail.be/stations/NMBS/008200100,http://irail.be/stations/NMBS/008832615,187023.2,6507,362019-09-18T08:26:00,17340,2019-09-18T20:10:00,25080
http://irail.be/stations/NMBS/008200100,http://irail.be/stations/NMBS/008832664,187786.4,5717,302019-09-18T08:31:00,17940,2019-09-18T17:49:00,21300
http://irail.be/stations/NMBS/008200100,http://irail.be/stations/NMBS/008833001,174618,18695,132019-09-18T06:07:00,11760,2019-09-18T07:03:00,12480
http://irail.be/stations/NMBS/008200100,http://irail.be/stations/NMBS/008833050,165602.4,9870,212019-09-18T06:51:00,13320,2019-09-18T07:51:00,15480
http://irail.be/stations/NMBS/008200100,http://irail.be/stations/NMBS/008833126,173703.4,10346,102019-09-18T06:53:00,11880,2019-09-18T17:23:00,15060
http://irail.be/stations/NMBS/008200100,http://irail.be/stations/NMBS/008833134,173135,11096,102019-09-18T06:48:00,11580,2019-09-18T17:28:00,15420
http://irail.be/stations/NMBS/008200100,http://irail.be/stations/NMBS/008833159,170130.7,10855,102019-09-18T06:45:00,11220,2019-09-18T17:33:00,15660
http://irail.be/stations/NMBS/008200100,http://irail.be/stations/NMBS/008833175,178866.9,14010,142019-09-18T07:07:00,12780,2019-09-18T07:45:00,14880
http://irail.be/stations/NMBS/008200100,http://irail.be/stations/NMBS/008833209,179856.7,16426,282019-09-18T06:44:00,12780,2019-09-18T08:15:00,14940
http://irail.be/stations/NMBS/008200100,http://irail.be/stations/NMBS/008833233,180108.4,13570,162019-09-18T06:36:00,12480,2019-09-18T07:58:00,14160
http://irail.be/stations/NMBS/008200100,http://irail.be/stations/NMBS/008833258,180148.8,7804,242019-09-18T07:27:00,13920,2019-09-18T08:27:00,15720
http://irail.be/stations/NMBS/008200100,http://irail.be/stations/NMBS/008833266,178015.9,8775,242019-09-18T13:08:00,14160,2019-09-18T08:32:00,16020
http://irail.be/stations/NMBS/008200100,http://irail.be/stations/NMBS/008833274,176325.8,8720,242019-09-18T13:13:00,14400,2019-09-18T08:37:00,16260
http://irail.be/stations/NMBS/008200100,http://irail.be/stations/NMBS/008833308,159465.9,13795,102019-09-18T06:31:00,12000,2019-09-18T07:50:00,13500
http://irail.be/stations/NMBS/008200100,http://irail.be/stations/NMBS/008833449,153508.3,9844,132019-09-18T06:42:00,12540,2019-09-18T07:42:00,14700
http://irail.be/stations/NMBS/008200100,http://irail.be/stations/NMBS/008833605,148066.7,13889,112019-09-18T06:17:00,11340,2019-09-18T08:02:00,14100
http://irail.be/stations/NMBS/008200100,http://irail.be/stations/NMBS/008833670,151171.8,9245,132019-09-18T06:37:00,12360,2019-09-18T08:13:00,14820
http://irail.be/stations/NMBS/008200100,http://irail.be/stations/NMBS/008841004,120878.5,11497,112019-09-18T05:51:00,9480,2019-09-18T07:33:00,12360
http://irail.be/stations/NMBS/008200100,http://irail.be/stations/NMBS/008841202,126096.8,8678,92019-09-18T05:56:00,10020,2019-09-18T07:53:00,15360
http://irail.be/stations/NMBS/008200100,http://irail.be/stations/NMBS/008841319,127107.1,5775,62019-09-18T06:43:00,12660,2019-09-18T07:43:00,14820
http://irail.be/stations/NMBS/008200100,http://irail.be/stations/NMBS/008841327,128283.8,5803,62019-09-18T06:47:00,12840,2019-09-18T07:47:00,15000
http://irail.be/stations/NMBS/008200100,http://irail.be/stations/NMBS/008841400,137038.3,9573,92019-09-18T06:13:00,10740,2019-09-18T07:35:00,14580
http://irail.be/stations/NMBS/008200100,http://irail.be/stations/NMBS/008841434,134908.3,5666,92019-09-18T07:00:00,13620,2019-09-18T08:51:00,17040
http://irail.be/stations/NMBS/008200100,http://irail.be/stations/NMBS/008841442,133165.6,5629,92019-09-18T06:56:00,13440,2019-09-18T08:54:00,17220
http://irail.be/stations/NMBS/008200100,http://irail.be/stations/NMBS/008841459,130890.3,6952,62019-09-18T06:53:00,13200,2019-09-18T07:53:00,15360
http://irail.be/stations/NMBS/008200100,http://irail.be/stations/NMBS/008841467,129393.8,6901,62019-09-18T06:50:00,13020,2019-09-18T07:50:00,15180
http://irail.be/stations/NMBS/008200100,http://irail.be/stations/NMBS/008841525,123075.1,12904,162019-09-18T06:01:00,10020,2019-09-18T07:44:00,12960
http://irail.be/stations/NMBS/008200100,http://irail.be/stations/NMBS/008841558,122659.8,12614,162019-09-18T05:56:00,9840,2019-09-18T15:38:00,12780
http://irail.be/stations/NMBS/008200100,http://irail.be/stations/NMBS/008841608,123455,10320,182019-09-18T06:04:00,10380,2019-09-18T07:55:00,13800
http://irail.be/stations/NMBS/008200100,http://irail.be/stations/NMBS/008841665,127280.3,10109,182019-09-18T06:10:00,10800,2019-09-18T08:01:00,14160
http://irail.be/stations/NMBS/008200100,http://irail.be/stations/NMBS/008841673,128611.3,9652,182019-09-18T06:16:00,10980,2019-09-18T08:07:00,14400
http://irail.be/stations/NMBS/008200100,http://irail.be/stations/NMBS/008841731,134822.5,7212,392019-09-18T06:46:00,13020,2019-09-18T07:46:00,15180
http://irail.be/stations/NMBS/008200100,http://irail.be/stations/NMBS/008842002,118912.4,9595,112019-09-18T05:45:00,9240,2019-09-18T07:16:00,13140
http://irail.be/stations/NMBS/008200100,http://irail.be/stations/NMBS/008842036,118002.4,5489,132019-09-18T12:11:00,10680,2019-09-18T07:23:00,13500
http://irail.be/stations/NMBS/008200100,http://irail.be/stations/NMBS/008842051,115171.3,5453,132019-09-18T12:14:00,10920,2019-09-18T07:26:00,13800
http://irail.be/stations/NMBS/008200100,http://irail.be/stations/NMBS/008842630,114827,7166,152019-09-18T06:28:00,11760,2019-09-18T07:20:00,13560
http://irail.be/stations/NMBS/008200100,http://irail.be/stations/NMBS/008842648,112347.2,6782,142019-09-18T06:25:00,11520,2019-09-18T07:25:00,11880
http://irail.be/stations/NMBS/008200100,http://irail.be/stations/NMBS/008842655,111890,7123,142019-09-18T06:23:00,11340,2019-09-18T07:23:00,11700
http://irail.be/stations/NMBS/008200100,http://irail.be/stations/NMBS/008842663,110946.6,7202,142019-09-18T06:19:00,11220,2019-09-18T07:19:00,11580
http://irail.be/stations/NMBS/008200100,http://irail.be/stations/NMBS/008842689,108573.7,7673,102019-09-18T05:32:00,8460,2019-09-18T07:15:00,11340
http://irail.be/stations/NMBS/008200100,http://irail.be/stations/NMBS/008842705,105666.1,8256,102019-09-18T05:23:00,8100,2019-09-18T07:10:00,11040
http://irail.be/stations/NMBS/008200100,http://irail.be/stations/NMBS/008842754,102495.3,5827,82019-09-18T05:04:00,7560,2019-09-18T05:04:00,7560
http://irail.be/stations/NMBS/008200100,http://irail.be/stations/NMBS/008842838,103513.4,8415,162019-09-18T05:43:00,9060,2019-09-18T07:05:00,10800
http://irail.be/stations/NMBS/008200100,http://irail.be/stations/NMBS/008842846,101573.6,7595,162019-09-18T05:47:00,9360,2019-09-18T07:01:00,10500
http://irail.be/stations/NMBS/008200100,http://irail.be/stations/NMBS/008842853,99383.62,6734,162019-09-18T05:52:00,9600,2019-09-18T06:57:00,10260
http://irail.be/stations/NMBS/008200100,http://irail.be/stations/NMBS/008843067,120573,5781,92019-09-18T06:35:00,10860,2019-09-18T07:35:00,12660
http://irail.be/stations/NMBS/008200100,http://irail.be/stations/NMBS/008843133,119529.6,7110,92019-09-18T06:07:00,10500,2019-09-18T07:41:00,12900
http://irail.be/stations/NMBS/008200100,http://irail.be/stations/NMBS/008847258,119034.9,1178,0
http://irail.be/stations/NMBS/008200100,http://irail.be/stations/NMBS/008843141,121778.7,7185,92019-09-18T06:11:00,10740,2019-09-18T07:39:00,12660
http://irail.be/stations/NMBS/008200100,http://irail.be/stations/NMBS/008843158,121977.1,6729,92019-09-18T06:36:00,10740,2019-09-18T07:36:00,12540
http://irail.be/stations/NMBS/008200100,http://irail.be/stations/NMBS/008843166,121086,5928,92019-09-18T06:34:00,10560,2019-09-18T07:34:00,12360
http://irail.be/stations/NMBS/008200100,http://irail.be/stations/NMBS/008843174,119613.4,5576,92019-09-18T06:16:00,10920,2019-09-18T07:41:00,12840
http://irail.be/stations/NMBS/008200100,http://irail.be/stations/NMBS/008843208,120712.6,11628,152019-09-18T06:23:00,9960,2019-09-18T18:23:00,11760
http://irail.be/stations/NMBS/008200100,http://irail.be/stations/NMBS/008843224,120930.3,7124,92019-09-18T06:31:00,10440,2019-09-18T07:31:00,12240
http://irail.be/stations/NMBS/008200100,http://irail.be/stations/NMBS/008843240,121114.3,6376,102019-09-18T07:13:00,11280,2019-09-18T06:36:00,12300
http://irail.be/stations/NMBS/008200100,http://irail.be/stations/NMBS/008843307,121448.2,12111,242019-09-18T06:11:00,9240,2019-09-18T08:39:00,12420
http://irail.be/stations/NMBS/008200100,http://irail.be/stations/NMBS/008843323,120549.4,6171,102019-09-18T07:03:00,10620,2019-09-18T06:48:00,12900
http://irail.be/stations/NMBS/008200100,http://irail.be/stations/NMBS/008843331,120127.3,6184,102019-09-18T07:07:00,10800,2019-09-18T06:46:00,12720
http://irail.be/stations/NMBS/008200100,http://irail.be/stations/NMBS/008843349,120518.1,6454,102019-09-18T07:10:00,10980,2019-09-18T06:41:00,12600
http://irail.be/stations/NMBS/008200100,http://irail.be/stations/NMBS/008843406,122096.3,9683,142019-09-18T06:55:00,10080,2019-09-18T17:13:00,14340
http://irail.be/stations/NMBS/008200100,http://irail.be/stations/NMBS/008843430,122681.2,6330,72019-09-18T06:48:00,9900,2019-09-18T09:01:00,13680
http://irail.be/stations/NMBS/008200100,http://irail.be/stations/NMBS/008843901,121910.1,9139,252019-09-18T06:40:00,11220,2019-09-18T07:40:00,13020
http://irail.be/stations/NMBS/008200100,http://irail.be/stations/NMBS/008844008,111656.9,9458,112019-09-18T18:17:00,11280,2019-09-18T20:57:00,13800
http://irail.be/stations/NMBS/008200100,http://irail.be/stations/NMBS/008844057,111831.8,2716,52019-09-18T12:49:00,12900,2019-09-18T17:28:00,15240
http://irail.be/stations/NMBS/008200100,http://irail.be/stations/NMBS/008844206,110159.4,8158,92019-09-18T06:13:00,10920,2019-09-18T07:47:00,13260
http://irail.be/stations/NMBS/008200100,http://irail.be/stations/NMBS/008844313,109667.1,4690,132019-09-18T06:51:00,13020,2019-09-18T07:51:00,15180
http://irail.be/stations/NMBS/008200100,http://irail.be/stations/NMBS/008844230,111647.5,5505,132019-09-18T12:29:00,11760,2019-09-18T07:37:00,14400
http://irail.be/stations/NMBS/008200100,http://irail.be/stations/NMBS/008844255,111220.2,5739,132019-09-18T12:24:00,11520,2019-09-18T07:34:00,14220
http://irail.be/stations/NMBS/008200100,http://irail.be/stations/NMBS/008844271,112777.8,5558,132019-09-18T12:19:00,11220,2019-09-18T07:30:00,14040
http://irail.be/stations/NMBS/008200100,http://irail.be/stations/NMBS/008844321,107553.8,4746,132019-09-18T06:53:00,13260,2019-09-18T07:53:00,15420
http://irail.be/stations/NMBS/008200100,http://irail.be/stations/NMBS/008844339,106546.9,4687,132019-09-18T06:57:00,13380,2019-09-18T07:57:00,15540
http://irail.be/stations/NMBS/008200100,http://irail.be/stations/NMBS/008844347,105304.7,5549,132019-09-18T07:01:00,13680,2019-09-18T08:01:00,15840
http://irail.be/stations/NMBS/008200100,http://irail.be/stations/NMBS/008844404,100972.4,4932,132019-09-18T07:04:00,14040,2019-09-18T08:04:00,16200
http://irail.be/stations/NMBS/008200100,http://irail.be/stations/NMBS/008844420,100710.1,5594,132019-09-18T07:11:00,14220,2019-09-18T08:11:00,16380
http://irail.be/stations/NMBS/008200100,http://irail.be/stations/NMBS/008844503,118371.3,10481,112019-09-18T18:32:00,12000,2019-09-18T08:08:00,14580
http://irail.be/stations/NMBS/008200100,http://irail.be/stations/NMBS/008844545,113870.6,6686,152019-09-18T12:51:00,13260,2019-09-18T08:02:00,17460
http://irail.be/stations/NMBS/008200100,http://irail.be/stations/NMBS/008844628,115309.5,7075,72019-09-18T06:40:00,12720,2019-09-18T07:40:00,14880
http://irail.be/stations/NMBS/008200100,http://irail.be/stations/NMBS/008844644,124512.3,6048,72019-09-18T06:41:00,12720,2019-09-18T07:41:00,14880
http://irail.be/stations/NMBS/008200100,http://irail.be/stations/NMBS/008849023,124595.5,1508,0
http://irail.be/stations/NMBS/008200100,http://irail.be/stations/NMBS/008845005,66788.02,6083,102019-09-18T04:32:00,4680,2019-09-18T15:41:00,5220
http://irail.be/stations/NMBS/008200100,http://irail.be/stations/NMBS/008845146,77179.7,6342,82019-09-18T06:38:00,5520,2019-09-18T04:39:00,5580
http://irail.be/stations/NMBS/008200100,http://irail.be/stations/NMBS/008845203,87417.81,6214,82019-09-18T04:49:00,6240,2019-09-18T04:49:00,6240
http://irail.be/stations/NMBS/008200100,http://irail.be/stations/NMBS/008845229,89807.73,6004,82019-09-18T05:01:00,6480,2019-09-18T05:01:00,6480
http://irail.be/stations/NMBS/008200100,http://irail.be/stations/NMBS/008846201,130350.5,9178,252019-09-18T06:48:00,11820,2019-09-18T07:48:00,13620
http://irail.be/stations/NMBS/008200100,http://irail.be/stations/NMBS/008849064,132406.3,1124,0
http://irail.be/stations/NMBS/008200100,http://irail.be/stations/NMBS/008849072,64651.77,1425,0
http://irail.be/stations/NMBS/008200100,http://irail.be/stations/NMBS/008861119,133361.3,7672,112019-09-18T05:51:00,8100,2019-09-18T09:51:00,16740
http://irail.be/stations/NMBS/008200100,http://irail.be/stations/NMBS/008861127,134353.4,7422,112019-09-18T05:55:00,8280,2019-09-18T09:55:00,16920
http://irail.be/stations/NMBS/008200100,http://irail.be/stations/NMBS/008861135,135598.4,8303,112019-09-18T05:58:00,8520,2019-09-18T09:58:00,17160
http://irail.be/stations/NMBS/008200100,http://irail.be/stations/NMBS/008861143,136808.2,8655,112019-09-18T06:02:00,8700,2019-09-18T10:02:00,17340
http://irail.be/stations/NMBS/008200100,http://irail.be/stations/NMBS/008861150,139877.8,9785,112019-09-18T06:05:00,8940,2019-09-18T10:05:00,17580
http://irail.be/stations/NMBS/008200100,http://irail.be/stations/NMBS/008861168,141150.5,1505,0
http://irail.be/stations/NMBS/008200100,http://irail.be/stations/NMBS/008874724,141390.9,9934,152019-09-18T06:12:00,9180,2019-09-18T10:12:00,17820
http://irail.be/stations/NMBS/008200100,http://irail.be/stations/NMBS/008861200,149090.6,11038,222019-09-18T05:57:00,8340,2019-09-18T09:57:00,16980
http://irail.be/stations/NMBS/008200100,http://irail.be/stations/NMBS/008861317,147744.8,2945,102019-09-18T14:06:00,10740,2019-09-18T13:06:00,28740
http://irail.be/stations/NMBS/008200100,http://irail.be/stations/NMBS/008861333,145411.8,2746,102019-09-18T14:10:00,11160,2019-09-18T13:10:00,29160
http://irail.be/stations/NMBS/008200100,http://irail.be/stations/NMBS/008861416,146202.5,7440,152019-09-18T06:20:00,9780,2019-09-18T18:33:00,19260
http://irail.be/stations/NMBS/008200100,http://irail.be/stations/NMBS/008861424,143388.8,7687,152019-09-18T06:17:00,9600,2019-09-18T18:37:00,19440
http://irail.be/stations/NMBS/008200100,http://irail.be/stations/NMBS/008861432,141410.5,7084,152019-09-18T06:14:00,9420,2019-09-18T18:40:00,19620
http://irail.be/stations/NMBS/008200100,http://irail.be/stations/NMBS/008861440,137980.4,7094,152019-09-18T06:08:00,9240,2019-09-18T18:43:00,19800
http://irail.be/stations/NMBS/008200100,http://irail.be/stations/NMBS/008861515,151842.8,7653,272019-09-18T06:37:00,9060,2019-09-18T10:37:00,19500
http://irail.be/stations/NMBS/008200100,http://irail.be/stations/NMBS/008861523,154246,7990,282019-09-18T06:42:00,9300,2019-09-18T10:42:00,19740
http://irail.be/stations/NMBS/008200100,http://irail.be/stations/NMBS/008861531,155709.5,8460,282019-09-18T06:45:00,9420,2019-09-18T10:45:00,19860
http://irail.be/stations/NMBS/008200100,http://irail.be/stations/NMBS/008861549,158266,7886,282019-09-18T06:47:00,9540,2019-09-18T10:47:00,19980
http://irail.be/stations/NMBS/008200100,http://irail.be/stations/NMBS/008862018,28106.2,2898,112019-09-18T04:07:00,1740,2019-09-18T10:42:00,19980
http://irail.be/stations/NMBS/008200100,http://irail.be/stations/NMBS/008863008,132571.1,10061,222019-09-18T05:38:00,7260,2019-09-18T09:00:00,13920
http://irail.be/stations/NMBS/008200100,http://irail.be/stations/NMBS/008863115,130768.7,9527,152019-09-18T05:52:00,8100,2019-09-18T09:14:00,14520
http://irail.be/stations/NMBS/008200100,http://irail.be/stations/NMBS/008863156,124013.7,8502,122019-09-18T05:56:00,8700,2019-09-18T09:32:00,15840
http://irail.be/stations/NMBS/008200100,http://irail.be/stations/NMBS/008863354,130563.7,4780,142019-09-18T06:31:00,8700,2019-09-18T13:26:00,15180
http://irail.be/stations/NMBS/008200100,http://irail.be/stations/NMBS/008863362,128308,5346,112019-09-18T06:27:00,8460,2019-09-18T09:25:00,15120
http://irail.be/stations/NMBS/008200100,http://irail.be/stations/NMBS/008863404,124270.2,10779,212019-09-18T06:03:00,8640,2019-09-18T08:47:00,12960
http://irail.be/stations/NMBS/008200100,http://irail.be/stations/NMBS/008863438,124864.3,6136,72019-09-18T06:41:00,9300,2019-09-18T09:12:00,14280
http://irail.be/stations/NMBS/008200100,http://irail.be/stations/NMBS/008863446,126852.3,6168,72019-09-18T06:37:00,9060,2019-09-18T09:14:00,14520
http://irail.be/stations/NMBS/008200100,http://irail.be/stations/NMBS/008863453,126268.9,6586,72019-09-18T06:34:00,8820,2019-09-18T09:18:00,14700
http://irail.be/stations/NMBS/008200100,http://irail.be/stations/NMBS/008863461,128676.9,6617,72019-09-18T06:27:00,8640,2019-09-18T09:22:00,14940
http://irail.be/stations/NMBS/008200100,http://irail.be/stations/NMBS/008863503,114402.7,10453,182019-09-18T06:33:00,8820,2019-09-18T10:13:00,18240
http://irail.be/stations/NMBS/008200100,http://irail.be/stations/NMBS/008863545,120333.7,9152,122019-09-18T06:08:00,9120,2019-09-18T09:45:00,16380
http://irail.be/stations/NMBS/008200100,http://irail.be/stations/NMBS/008863560,122871.9,9239,122019-09-18T06:05:00,8880,2019-09-18T09:41:00,16080
http://irail.be/stations/NMBS/008200100,http://irail.be/stations/NMBS/008863818,112962,4576,112019-09-18T06:24:00,8520,2019-09-18T10:21:00,18600
http://irail.be/stations/NMBS/008200100,http://irail.be/stations/NMBS/008863834,107818.7,4342,102019-09-18T06:19:00,8040,2019-09-18T10:27:00,19080
http://irail.be/stations/NMBS/008200100,http://irail.be/stations/NMBS/008863842,104029.8,4551,102019-09-18T06:11:00,7680,2019-09-18T10:34:00,19380
http://irail.be/stations/NMBS/008200100,http://irail.be/stations/NMBS/008863867,101907.8,4483,102019-09-18T05:58:00,7260,2019-09-18T10:40:00,19920
http://irail.be/stations/NMBS/008200100,http://irail.be/stations/NMBS/008864006,87971.88,8339,122019-09-18T05:37:00,5400,2019-09-18T11:14:00,14580
http://irail.be/stations/NMBS/008200100,http://irail.be/stations/NMBS/008864311,85313.34,3918,262019-09-18T06:07:00,7380,2019-09-18T09:44:00,16380
http://irail.be/stations/NMBS/008200100,http://irail.be/stations/NMBS/008864337,81947.2,4143,262019-09-18T05:59:00,7020,2019-09-18T09:49:00,16740
http://irail.be/stations/NMBS/008200100,http://irail.be/stations/NMBS/008864345,89093.14,8146,162019-09-18T05:41:00,5760,2019-09-18T08:19:00,11220
http://irail.be/stations/NMBS/008200100,http://irail.be/stations/NMBS/008864352,91476.03,4493,202019-09-18T06:32:00,8700,2019-09-18T08:32:00,12300
http://irail.be/stations/NMBS/008200100,http://irail.be/stations/NMBS/008864410,89258.52,6537,182019-09-18T06:35:00,8940,2019-09-18T06:12:00,10980
http://irail.be/stations/NMBS/008200100,http://irail.be/stations/NMBS/008864436,90774.18,7618,182019-09-18T06:39:00,9360,2019-09-18T06:05:00,10560
http://irail.be/stations/NMBS/008200100,http://irail.be/stations/NMBS/008864451,94792.23,7021,182019-09-18T06:46:00,9720,2019-09-18T06:01:00,10140
http://irail.be/stations/NMBS/008200100,http://irail.be/stations/NMBS/008864469,96891.3,6619,182019-09-18T05:56:00,9840,2019-09-18T06:52:00,9960
http://irail.be/stations/NMBS/008200100,http://irail.be/stations/NMBS/008864501,107066.3,7345,142019-09-18T05:58:00,6600,2019-09-18T16:49:00,13080
http://irail.be/stations/NMBS/008200100,http://irail.be/stations/NMBS/008864816,104409.8,3412,202019-09-18T06:46:00,9480,2019-09-18T08:46:00,13080
http://irail.be/stations/NMBS/008200100,http://irail.be/stations/NMBS/008864824,103156.9,3800,202019-09-18T06:41:00,9360,2019-09-18T08:41:00,12960
http://irail.be/stations/NMBS/008200100,http://irail.be/stations/NMBS/008864832,98624.51,3757,202019-09-18T06:35:00,9060,2019-09-18T08:35:00,12660
http://irail.be/stations/NMBS/008200100,http://irail.be/stations/NMBS/008864915,112742.2,4729,152019-09-18T06:07:00,7380,2019-09-18T09:43:00,16260
http://irail.be/stations/NMBS/008200100,http://irail.be/stations/NMBS/008864923,114164.6,863,0
http://irail.be/stations/NMBS/008200100,http://irail.be/stations/NMBS/008864931,116616.8,4492,152019-09-18T06:13:00,7620,2019-09-18T09:39:00,16020
http://irail.be/stations/NMBS/008200100,http://irail.be/stations/NMBS/008864949,119482.6,4009,152019-09-18T06:17:00,7800,2019-09-18T09:35:00,15780
http://irail.be/stations/NMBS/008200100,http://irail.be/stations/NMBS/008864956,123270,4297,152019-09-18T06:20:00,8040,2019-09-18T09:32:00,15480
http://irail.be/stations/NMBS/008200100,http://irail.be/stations/NMBS/008864964,125319.6,4262,152019-09-18T06:24:00,8160,2019-09-18T09:28:00,15360
http://irail.be/stations/NMBS/008200100,http://irail.be/stations/NMBS/008865003,64833.52,5462,112019-09-18T05:03:00,3540,2019-09-18T09:37:00,16200
http://irail.be/stations/NMBS/008200100,http://irail.be/stations/NMBS/008865110,53847.17,2119,92019-09-18T05:15:00,6000,2019-09-18T10:15:00,20280
http://irail.be/stations/NMBS/008200100,http://irail.be/stations/NMBS/008865128,54075.19,2056,92019-09-18T05:50:00,6420,2019-09-18T10:48:00,20700
http://irail.be/stations/NMBS/008200100,http://irail.be/stations/NMBS/008865227,76257.27,3596,242019-09-18T05:49:00,6540,2019-09-18T09:55:00,17220
http://irail.be/stations/NMBS/008200100,http://irail.be/stations/NMBS/008865300,68312.45,5384,142019-09-18T05:20:00,4740,2019-09-18T11:15:00,22200
http://irail.be/stations/NMBS/008200100,http://irail.be/stations/NMBS/008865540,79982.26,3188,122019-09-18T05:35:00,5700,2019-09-18T11:12:00,21540
http://irail.be/stations/NMBS/008200100,http://irail.be/stations/NMBS/008865565,82109.38,3517,122019-09-18T05:45:00,5880,2019-09-18T11:08:00,21360
http://irail.be/stations/NMBS/008200100,http://irail.be/stations/NMBS/008865615,86672.2,3442,122019-09-18T05:48:00,6120,2019-09-18T11:02:00,21120
http://irail.be/stations/NMBS/008200100,http://irail.be/stations/NMBS/008865649,93281.69,4040,122019-09-18T05:52:00,6480,2019-09-18T10:48:00,20760
http://irail.be/stations/NMBS/008200100,http://irail.be/stations/NMBS/008866001,24947.01,4578,462019-09-18T01:24:00,1260,2019-09-18T04:44:00,1980
http://irail.be/stations/NMBS/008200100,http://irail.be/stations/NMBS/008866118,26829.73,2759,112019-09-18T04:04:00,1620,2019-09-18T10:49:00,20100
http://irail.be/stations/NMBS/008200100,http://irail.be/stations/NMBS/008866142,38360.75,2855,112019-09-18T04:09:00,2160,2019-09-18T10:36:00,19560
http://irail.be/stations/NMBS/008200100,http://irail.be/stations/NMBS/008866175,45007.06,4412,92019-09-18T04:46:00,2460,2019-09-18T09:58:00,17460
http://irail.be/stations/NMBS/008200100,http://irail.be/stations/NMBS/008866258,56517.5,2527,212019-09-18T04:22:00,3240,2019-09-18T12:19:00,18600
http://irail.be/stations/NMBS/008200100,http://irail.be/stations/NMBS/008866407,44495.75,3240,72019-09-18T05:10:00,4260,2019-09-18T10:19:00,19260
http://irail.be/stations/NMBS/008200100,http://irail.be/stations/NMBS/008866530,28678.5,3049,72019-09-18T05:06:00,3600,2019-09-18T10:38:00,19980
http://irail.be/stations/NMBS/008200100,http://irail.be/stations/NMBS/008866605,22319.48,3198,92019-09-18T04:54:00,2880,2019-09-18T10:53:00,20520
http://irail.be/stations/NMBS/008200100,http://irail.be/stations/NMBS/008866654,24498.5,3385,72019-09-18T05:01:00,3360,2019-09-18T10:49:00,20220
http://irail.be/stations/NMBS/008200100,http://irail.be/stations/NMBS/008866662,22674.95,3478,72019-09-18T05:43:00,2580,2019-09-18T10:43:00,20220
http://irail.be/stations/NMBS/008200100,http://irail.be/stations/NMBS/008866845,58962.72,3259,102019-09-18T05:22:00,5400,2019-09-18T10:06:00,18180
http://irail.be/stations/NMBS/008200100,http://irail.be/stations/NMBS/008869047,22874.22,783,0
http://irail.be/stations/NMBS/008200100,http://irail.be/stations/NMBS/008869088,22839.98,761,0
http://irail.be/stations/NMBS/008200100,http://irail.be/stations/NMBS/008869054,17217.54,826,0
http://irail.be/stations/NMBS/008200100,http://irail.be/stations/NMBS/008871100,153632.7,8661,212019-09-18T06:45:00,11340,2019-09-18T20:07:00,17640
http://irail.be/stations/NMBS/008200100,http://irail.be/stations/NMBS/008871175,148905.8,2775,142019-09-18T08:55:00,14040,2019-09-18T17:42:00,20460
http://irail.be/stations/NMBS/008200100,http://irail.be/stations/NMBS/008871183,148045.9,3220,142019-09-18T09:05:00,14340,2019-09-18T17:51:00,20700
http://irail.be/stations/NMBS/008200100,http://irail.be/stations/NMBS/008871217,155706.5,7904,642019-09-18T08:07:00,14400,2019-09-18T21:07:00,21240
http://irail.be/stations/NMBS/008200100,http://irail.be/stations/NMBS/008871225,156546.4,7513,642019-09-18T08:02:00,14220,2019-09-18T21:01:00,21060
http://irail.be/stations/NMBS/008200100,http://irail.be/stations/NMBS/008871308,160444.9,9176,282019-09-18T07:04:00,12600,2019-09-18T19:58:00,17040
http://irail.be/stations/NMBS/008200100,http://irail.be/stations/NMBS/008871332,163614.2,6040,472019-09-18T07:52:00,13680,2019-09-18T10:58:00,20760
http://irail.be/stations/NMBS/008200100,http://irail.be/stations/NMBS/008871365,162595.5,5340,582019-09-18T07:54:00,15420,2019-09-18T10:59:00,20820
http://irail.be/stations/NMBS/008200100,http://irail.be/stations/NMBS/008871373,163155,5467,792019-09-18T07:55:00,15540,2019-09-18T10:55:00,20580
http://irail.be/stations/NMBS/008200100,http://irail.be/stations/NMBS/008871381,164847.5,5653,792019-09-18T07:51:00,15300,2019-09-18T10:51:00,20340
http://irail.be/stations/NMBS/008200100,http://irail.be/stations/NMBS/008871415,161230.5,4479,292019-09-18T07:05:00,12480,2019-09-18T10:05:00,17520
http://irail.be/stations/NMBS/008200100,http://irail.be/stations/NMBS/008871514,158974.6,4892,292019-09-18T06:59:00,12300,2019-09-18T09:59:00,17340
http://irail.be/stations/NMBS/008200100,http://irail.be/stations/NMBS/008871605,164357.7,3905,152019-09-18T07:27:00,13800,2019-09-18T12:28:00,18900
http://irail.be/stations/NMBS/008200100,http://irail.be/stations/NMBS/008871647,163492,4066,152019-09-18T07:24:00,13620,2019-09-18T12:25:00,18720
http://irail.be/stations/NMBS/008200100,http://irail.be/stations/NMBS/008871662,161989.5,3776,152019-09-18T07:21:00,13440,2019-09-18T12:22:00,18540
http://irail.be/stations/NMBS/008200100,http://irail.be/stations/NMBS/008871670,160418.4,3765,152019-09-18T07:18:00,13260,2019-09-18T12:19:00,18360
http://irail.be/stations/NMBS/008200100,http://irail.be/stations/NMBS/008871688,159074,3939,152019-09-18T07:13:00,13080,2019-09-18T12:14:00,18180
http://irail.be/stations/NMBS/008200100,http://irail.be/stations/NMBS/008871712,157541.5,4034,152019-09-18T07:09:00,12720,2019-09-18T12:10:00,17820
http://irail.be/stations/NMBS/008200100,http://irail.be/stations/NMBS/008871811,155630.2,4055,152019-09-18T07:05:00,12540,2019-09-18T12:06:00,17640
http://irail.be/stations/NMBS/008200100,http://irail.be/stations/NMBS/008871829,155664.9,3450,152019-09-18T07:01:00,12300,2019-09-18T12:02:00,17400
http://irail.be/stations/NMBS/008200100,http://irail.be/stations/NMBS/008871837,153972.5,4315,152019-09-18T06:57:00,12060,2019-09-18T11:58:00,17160
http://irail.be/stations/NMBS/008200100,http://irail.be/stations/NMBS/008871852,153010.3,4190,152019-09-18T06:52:00,11820,2019-09-18T11:53:00,16920
http://irail.be/stations/NMBS/008200100,http://irail.be/stations/NMBS/008872009,150593.7,9389,212019-09-18T06:40:00,10980,2019-09-18T19:43:00,16200
http://irail.be/stations/NMBS/008200100,http://irail.be/stations/NMBS/008872066,151110.2,6652,182019-09-18T06:52:00,11700,2019-09-18T09:52:00,16740
http://irail.be/stations/NMBS/008200100,http://irail.be/stations/NMBS/008872306,151038.5,6520,182019-09-18T06:56:00,12000,2019-09-18T09:56:00,17040
http://irail.be/stations/NMBS/008200100,http://irail.be/stations/NMBS/008872413,150011.6,7276,192019-09-18T06:48:00,11580,2019-09-18T10:00:00,17400
http://irail.be/stations/NMBS/008200100,http://irail.be/stations/NMBS/008872520,150983.9,6674,192019-09-18T06:43:00,11280,2019-09-18T10:07:00,17700
http://irail.be/stations/NMBS/008200100,http://irail.be/stations/NMBS/008872553,155149.7,6272,162019-09-18T06:39:00,10920,2019-09-18T10:11:00,17940
http://irail.be/stations/NMBS/008200100,http://irail.be/stations/NMBS/008872579,157664.9,6517,212019-09-18T06:34:00,10740,2019-09-18T10:16:00,18240
http://irail.be/stations/NMBS/008200100,http://irail.be/stations/NMBS/008872587,159836.2,6538,212019-09-18T06:31:00,10380,2019-09-18T10:20:00,18480
http://irail.be/stations/NMBS/008200100,http://irail.be/stations/NMBS/008872611,160218.6,6606,212019-09-18T06:27:00,10260,2019-09-18T10:25:00,18660
http://irail.be/stations/NMBS/008200100,http://irail.be/stations/NMBS/008873007,141901.9,4853,172019-09-18T07:33:00,14040,2019-09-18T10:33:00,19080
http://irail.be/stations/NMBS/008200100,http://irail.be/stations/NMBS/008873122,131984,4551,182019-09-18T07:42:00,14940,2019-09-18T10:42:00,19980
http://irail.be/stations/NMBS/008200100,http://irail.be/stations/NMBS/008873239,137173.1,4172,182019-09-18T07:36:00,14520,2019-09-18T10:36:00,19560
http://irail.be/stations/NMBS/008200100,http://irail.be/stations/NMBS/008873312,142903.8,2941,142019-09-18T09:18:00,15060,2019-09-18T18:04:00,21420
http://irail.be/stations/NMBS/008200100,http://irail.be/stations/NMBS/008873320,145232,4504,172019-09-18T07:27:00,13800,2019-09-18T10:27:00,18840
http://irail.be/stations/NMBS/008200100,http://irail.be/stations/NMBS/008873379,146944.8,3104,142019-09-18T09:12:00,14700,2019-09-18T17:58:00,21060
http://irail.be/stations/NMBS/008200100,http://irail.be/stations/NMBS/008873387,147285.1,5220,172019-09-18T07:23:00,13500,2019-09-18T10:23:00,18540
http://irail.be/stations/NMBS/008200100,http://irail.be/stations/NMBS/008874005,146211.6,7613,242019-09-18T06:30:00,10380,2019-09-18T18:18:00,18300
http://irail.be/stations/NMBS/008200100,http://irail.be/stations/NMBS/008874054,148092,5373,142019-09-18T06:34:00,10740,2019-09-18T13:57:00,17100
http://irail.be/stations/NMBS/008200100,http://irail.be/stations/NMBS/008874559,145786.1,5600,142019-09-18T06:28:00,10200,2019-09-18T13:51:00,16620
http://irail.be/stations/NMBS/008200100,http://irail.be/stations/NMBS/008874567,145797.5,6584,142019-09-18T06:25:00,10080,2019-09-18T13:48:00,16500
http://irail.be/stations/NMBS/008200100,http://irail.be/stations/NMBS/008874583,144065.3,6974,142019-09-18T06:22:00,9900,2019-09-18T13:44:00,16320
http://irail.be/stations/NMBS/008200100,http://irail.be/stations/NMBS/008874609,142930.1,9240,212019-09-18T06:18:00,9660,2019-09-18T19:29:00,15360
http://irail.be/stations/NMBS/008200100,http://irail.be/stations/NMBS/008874716,142975.5,7293,152019-09-18T06:14:00,9480,2019-09-18T10:14:00,18120
http://irail.be/stations/NMBS/008200100,http://irail.be/stations/NMBS/008875002,127760,5046,182019-09-18T07:50:00,15540,2019-09-18T12:51:00,20640
http://irail.be/stations/NMBS/008200100,http://irail.be/stations/NMBS/008875127,128221.3,4723,182019-09-18T08:09:00,16740,2019-09-18T11:09:00,21780
http://irail.be/stations/NMBS/008200100,http://irail.be/stations/NMBS/008879004,164616.1,811,0
http://irail.be/stations/NMBS/008200100,http://irail.be/stations/NMBS/008881000,183047,8713,152019-09-18T07:18:00,13260,2019-09-18T20:09:00,17880
http://irail.be/stations/NMBS/008200100,http://irail.be/stations/NMBS/008881125,187155.1,4447,92019-09-18T07:26:00,13860,2019-09-18T10:25:00,18720
http://irail.be/stations/NMBS/008200100,http://irail.be/stations/NMBS/008881158,189394.9,4122,92019-09-18T07:31:00,14040,2019-09-18T10:21:00,18540
http://irail.be/stations/NMBS/008200100,http://irail.be/stations/NMBS/008881166,189404.6,3851,282019-09-18T07:30:00,13980,2019-09-18T20:01:00,17280
http://irail.be/stations/NMBS/008200100,http://irail.be/stations/NMBS/008881174,186705.9,1189,302019-09-18T07:47:00,15060,2019-09-18T10:47:00,20100
http://irail.be/stations/NMBS/008200100,http://irail.be/stations/NMBS/008881190,191578.8,1811,362019-09-18T07:40:00,14640,2019-09-18T10:40:00,19680
http://irail.be/stations/NMBS/008200100,http://irail.be/stations/NMBS/008881315,183234.5,1378,192019-09-18T07:54:00,15480,2019-09-18T10:54:00,20520
http://irail.be/stations/NMBS/008200100,http://irail.be/stations/NMBS/008881406,180006.9,1492,242019-09-18T07:55:00,15600,2019-09-18T10:55:00,20640
http://irail.be/stations/NMBS/008200100,http://irail.be/stations/NMBS/008881430,176927.3,1446,242019-09-18T07:51:00,15300,2019-09-18T10:51:00,20340
http://irail.be/stations/NMBS/008200100,http://irail.be/stations/NMBS/008881455,174557,1504,242019-09-18T07:48:00,15060,2019-09-18T10:48:00,20100
http://irail.be/stations/NMBS/008200100,http://irail.be/stations/NMBS/008881463,173206.4,1550,242019-09-18T07:42:00,14880,2019-09-18T10:42:00,19920
http://irail.be/stations/NMBS/008200100,http://irail.be/stations/NMBS/008881505,179148.7,1305,172019-09-18T07:32:00,14280,2019-09-18T13:40:00,31020
http://irail.be/stations/NMBS/008200100,http://irail.be/stations/NMBS/008881562,181520.9,1276,172019-09-18T07:29:00,13920,2019-09-18T13:36:00,30540
http://irail.be/stations/NMBS/008200100,http://irail.be/stations/NMBS/008881570,182643.3,1307,172019-09-18T07:22:00,13740,2019-09-18T13:29:00,30300
http://irail.be/stations/NMBS/008200100,http://irail.be/stations/NMBS/008882107,170288.4,2177,322019-09-18T07:10:00,12840,2019-09-18T18:08:00,18060
http://irail.be/stations/NMBS/008200100,http://irail.be/stations/NMBS/008882206,168836,2846,182019-09-18T06:59:00,12180,2019-09-18T09:59:00,17220
http://irail.be/stations/NMBS/008200100,http://irail.be/stations/NMBS/008882230,165078.8,1283,292019-09-18T07:12:00,12900,2019-09-18T10:12:00,17940
http://irail.be/stations/NMBS/008200100,http://irail.be/stations/NMBS/008882248,163485.6,1348,292019-09-18T07:09:00,12720,2019-09-18T10:09:00,17760
http://irail.be/stations/NMBS/008200100,http://irail.be/stations/NMBS/008882339,165528.4,1394,232019-09-18T07:27:00,14040,2019-09-18T10:27:00,19080
http://irail.be/stations/NMBS/008200100,http://irail.be/stations/NMBS/008882362,166514.1,1391,232019-09-18T07:34:00,14340,2019-09-18T10:34:00,19380
http://irail.be/stations/NMBS/008200100,http://irail.be/stations/NMBS/008882701,168898.9,1805,712019-09-18T07:29:00,14220,2019-09-18T10:29:00,19260
http://irail.be/stations/NMBS/008200100,http://irail.be/stations/NMBS/008883006,180968.8,3255,262019-09-18T07:12:00,13020,2019-09-18T19:43:00,16320
http://irail.be/stations/NMBS/008200100,http://irail.be/stations/NMBS/008883022,182016.1,2136,342019-09-18T07:27:00,13860,2019-09-18T09:59:00,17220
http://irail.be/stations/NMBS/008200100,http://irail.be/stations/NMBS/008883113,182820.3,2636,272019-09-18T07:19:00,13440,2019-09-18T19:50:00,16740
http://irail.be/stations/NMBS/008200100,http://irail.be/stations/NMBS/008883121,184277.6,1155,302019-09-18T07:42:00,14820,2019-09-18T10:42:00,19860
http://irail.be/stations/NMBS/008200100,http://irail.be/stations/NMBS/008883212,177046.7,2160,282019-09-18T07:23:00,13680,2019-09-18T09:57:00,17220
http://irail.be/stations/NMBS/008200100,http://irail.be/stations/NMBS/008883220,174813.5,1193,122019-09-18T07:23:00,13620,2019-09-18T10:23:00,18660
http://irail.be/stations/NMBS/008200100,http://irail.be/stations/NMBS/008883238,171086.8,1306,122019-09-18T07:15:00,13380,2019-09-18T10:15:00,18420
http://irail.be/stations/NMBS/008200100,http://irail.be/stations/NMBS/008883311,192298.3,3284,362019-09-18T07:04:00,12780,2019-09-18T12:09:00,25380
http://irail.be/stations/NMBS/008200100,http://irail.be/stations/NMBS/008883436,196187.8,2603,422019-09-18T07:35:00,14460,2019-09-18T12:21:00,25920
http://irail.be/stations/NMBS/008200100,http://irail.be/stations/NMBS/008883808,183311.4,2534,292019-09-18T07:43:00,12900,2019-09-18T09:43:00,16140
http://irail.be/stations/NMBS/008200100,http://irail.be/stations/NMBS/008884004,189980,2332,482019-09-18T07:53:00,15300,2019-09-18T09:25:00,19080
http://irail.be/stations/NMBS/008200100,http://irail.be/stations/NMBS/008884319,191083.8,1107,102019-09-18T08:33:00,17760,2019-09-18T09:33:00,19560
http://irail.be/stations/NMBS/008200100,http://irail.be/stations/NMBS/008884327,192533.5,1121,102019-09-18T08:36:00,17940,2019-09-18T09:36:00,19740
http://irail.be/stations/NMBS/008200100,http://irail.be/stations/NMBS/008884335,196732.5,1131,102019-09-18T08:42:00,18360,2019-09-18T09:42:00,20160
http://irail.be/stations/NMBS/008200100,http://irail.be/stations/NMBS/008884350,193687.6,1100,102019-09-18T08:39:00,18120,2019-09-18T09:39:00,19920
http://irail.be/stations/NMBS/008200100,http://irail.be/stations/NMBS/008884541,188106.8,2253,342019-09-18T07:59:00,15720,2019-09-18T09:21:00,18840
http://irail.be/stations/NMBS/008200100,http://irail.be/stations/NMBS/008884566,186467.2,2237,342019-09-18T07:54:00,15480,2019-09-18T09:14:00,18600
http://irail.be/stations/NMBS/008200100,http://irail.be/stations/NMBS/008884632,197105.8,697,232019-09-18T08:32:00,17880,2019-09-18T14:38:00,19680
http://irail.be/stations/NMBS/008200100,http://irail.be/stations/NMBS/008884640,199645.8,668,232019-09-18T08:38:00,18060,2019-09-18T14:44:00,19860
http://irail.be/stations/NMBS/008200100,http://irail.be/stations/NMBS/008884715,202882.3,2005,452019-09-18T08:11:00,16380,2019-09-18T11:10:00,21360
http://irail.be/stations/NMBS/008200100,http://irail.be/stations/NMBS/008884855,207889,2012,452019-09-18T08:14:00,16680,2019-09-18T11:13:00,21720
http://irail.be/stations/NMBS/008200100,http://irail.be/stations/NMBS/008884889,212758,1189,232019-09-18T09:10:00,18240,2019-09-18T14:57:00,20760
http://irail.be/stations/NMBS/008200100,http://irail.be/stations/NMBS/008885001,225331.7,2739,452019-09-18T08:11:00,16500,2019-09-18T12:49:00,28020
http://irail.be/stations/NMBS/008200100,http://irail.be/stations/NMBS/008885068,228834,2076,362019-09-18T08:21:00,17160,2019-09-18T10:53:00,20460
http://irail.be/stations/NMBS/008200100,http://irail.be/stations/NMBS/008885522,219642.4,2163,442019-09-18T08:23:00,17160,2019-09-18T11:24:00,22260
http://irail.be/stations/NMBS/008200100,http://irail.be/stations/NMBS/008885530,215727.8,779,232019-09-18T09:06:00,18000,2019-09-18T15:02:00,21000
http://irail.be/stations/NMBS/008200100,http://irail.be/stations/NMBS/008885704,242693.1,1980,292019-09-18T08:13:00,17040,2019-09-18T11:06:00,21300
http://irail.be/stations/NMBS/008200100,http://irail.be/stations/NMBS/008885753,240111.7,2075,312019-09-18T16:57:00,17640,2019-09-18T10:58:00,20940
http://irail.be/stations/NMBS/008200100,http://irail.be/stations/NMBS/008886009,203125.4,2703,422019-09-18T07:42:00,15060,2019-09-18T12:29:00,26520
http://irail.be/stations/NMBS/008200100,http://irail.be/stations/NMBS/008886041,201019.5,1807,382019-09-18T07:53:00,15360,2019-09-18T10:53:00,20400
http://irail.be/stations/NMBS/008200100,http://irail.be/stations/NMBS/008886058,198155.8,2011,382019-09-18T07:51:00,15180,2019-09-18T10:51:00,20220
http://irail.be/stations/NMBS/008200100,http://irail.be/stations/NMBS/008886066,196697.2,1915,382019-09-18T07:48:00,15060,2019-09-18T10:48:00,20100
http://irail.be/stations/NMBS/008200100,http://irail.be/stations/NMBS/008886074,194927.4,2223,392019-09-18T07:44:00,14820,2019-09-18T10:44:00,19860
http://irail.be/stations/NMBS/008200100,http://irail.be/stations/NMBS/008886348,211176.4,2719,392019-09-18T07:53:00,15720,2019-09-18T12:40:00,27120
http://irail.be/stations/NMBS/008200100,http://irail.be/stations/NMBS/008886504,205101,2094,372019-09-18T07:41:00,14580,2019-09-18T11:12:00,21480
http://irail.be/stations/NMBS/008200100,http://irail.be/stations/NMBS/008886546,205893.7,2018,372019-09-18T07:36:00,14460,2019-09-18T11:15:00,21720
http://irail.be/stations/NMBS/008200100,http://irail.be/stations/NMBS/008886553,204586.6,1975,372019-09-18T07:45:00,14820,2019-09-18T11:09:00,21360
http://irail.be/stations/NMBS/008200100,http://irail.be/stations/NMBS/008886561,204191.7,2099,372019-09-18T07:47:00,15000,2019-09-18T11:05:00,21180
http://irail.be/stations/NMBS/008200100,http://irail.be/stations/NMBS/008886587,204301.1,2119,372019-09-18T07:50:00,15240,2019-09-18T11:00:00,20940
http://irail.be/stations/NMBS/008200100,http://irail.be/stations/NMBS/008889011,243591.9,243,0
http://irail.be/stations/NMBS/008200100,http://irail.be/stations/NMBS/008889045,233833.3,238,0
http://irail.be/stations/NMBS/008200100,http://irail.be/stations/NMBS/008891009,272544.6,3593,212019-09-18T07:46:00,15060,2019-09-18T13:59:00,17280
http://irail.be/stations/NMBS/008200100,http://irail.be/stations/NMBS/008891033,275184.5,1368,112019-09-18T08:36:00,16200,2019-09-18T10:36:00,19440
http://irail.be/stations/NMBS/008200100,http://irail.be/stations/NMBS/008891116,267306.7,2006,152019-09-18T08:16:00,16860,2019-09-18T17:15:00,18600
http://irail.be/stations/NMBS/008200100,http://irail.be/stations/NMBS/008891124,261555.8,2234,182019-09-18T08:12:00,16560,2019-09-18T13:34:00,30420
http://irail.be/stations/NMBS/008200100,http://irail.be/stations/NMBS/008891132,257050.5,2020,152019-09-18T08:08:00,16320,2019-09-18T17:07:00,18060
http://irail.be/stations/NMBS/008200100,http://irail.be/stations/NMBS/008891140,252680.5,3173,182019-09-18T07:34:00,14220,2019-09-18T16:04:00,17460
http://irail.be/stations/NMBS/008200100,http://irail.be/stations/NMBS/008891157,249968,2046,152019-09-18T08:27:00,15600,2019-09-18T16:59:00,17580
http://irail.be/stations/NMBS/008200100,http://irail.be/stations/NMBS/008891165,246598.2,2163,152019-09-18T08:24:00,15420,2019-09-18T16:55:00,17340
http://irail.be/stations/NMBS/008200100,http://irail.be/stations/NMBS/008891173,283910.3,249,0
http://irail.be/stations/NMBS/008200100,http://irail.be/stations/NMBS/008891264,270536.8,2880,332019-09-18T07:57:00,15960,2019-09-18T09:29:00,19500
http://irail.be/stations/NMBS/008200100,http://irail.be/stations/NMBS/008891314,269634.6,2789,332019-09-18T08:06:00,16320,2019-09-18T09:24:00,19080
http://irail.be/stations/NMBS/008200100,http://irail.be/stations/NMBS/008891405,285215.8,1336,342019-09-18T07:58:00,16020,2019-09-18T10:58:00,21060
http://irail.be/stations/NMBS/008200100,http://irail.be/stations/NMBS/008891553,283026.7,1435,112019-09-18T08:48:00,17100,2019-09-18T10:48:00,20340
http://irail.be/stations/NMBS/008200100,http://irail.be/stations/NMBS/008891611,281746.1,244,0
http://irail.be/stations/NMBS/008200100,http://irail.be/stations/NMBS/008891629,280736.9,1401,112019-09-18T08:40:00,16680,2019-09-18T10:40:00,19920
http://irail.be/stations/NMBS/008200100,http://irail.be/stations/NMBS/008891645,281311.7,1586,292019-09-18T08:36:00,16680,2019-09-18T11:36:00,23880
http://irail.be/stations/NMBS/008200100,http://irail.be/stations/NMBS/008891652,280372.9,1601,292019-09-18T08:48:00,16860,2019-09-18T11:48:00,24060
http://irail.be/stations/NMBS/008200100,http://irail.be/stations/NMBS/008891660,279395.2,1637,292019-09-18T08:51:00,17040,2019-09-18T11:51:00,24240
http://irail.be/stations/NMBS/008200100,http://irail.be/stations/NMBS/008891702,290574,2859,272019-09-18T08:04:00,16680,2019-09-18T09:04:00,18480
http://irail.be/stations/NMBS/008200100,http://irail.be/stations/NMBS/008892007,234692.8,3580,212019-09-18T06:53:00,13320,2019-09-18T19:07:00,15660
http://irail.be/stations/NMBS/008200100,http://irail.be/stations/NMBS/008892031,238432.3,2065,182019-09-18T08:13:00,14880,2019-09-18T13:15:00,29340
http://irail.be/stations/NMBS/008200100,http://irail.be/stations/NMBS/008892056,243801,2156,182019-09-18T08:18:00,15180,2019-09-18T13:20:00,29700
http://irail.be/stations/NMBS/008200100,http://irail.be/stations/NMBS/008892080,235020.7,2711,272019-09-18T08:09:00,14760,2019-09-18T13:09:00,21600
http://irail.be/stations/NMBS/008200100,http://irail.be/stations/NMBS/008892106,239953.8,2573,272019-09-18T08:17:00,15120,2019-09-18T13:17:00,21960
http://irail.be/stations/NMBS/008200100,http://irail.be/stations/NMBS/008892205,265855.1,2690,332019-09-18T08:13:00,16620,2019-09-18T18:19:00,18900
http://irail.be/stations/NMBS/008200100,http://irail.be/stations/NMBS/008892254,252116.4,1593,172019-09-18T08:13:00,16620,2019-09-18T13:40:00,30900
http://irail.be/stations/NMBS/008200100,http://irail.be/stations/NMBS/008892288,246774.8,597,162019-09-18T14:33:00,19380,2019-09-18T13:33:00,30540
http://irail.be/stations/NMBS/008200100,http://irail.be/stations/NMBS/008892304,295431.2,1584,172019-09-18T08:49:00,19140,2019-09-18T14:16:00,33360
http://irail.be/stations/NMBS/008200100,http://irail.be/stations/NMBS/008892320,296762.1,1657,172019-09-18T09:01:00,19440,2019-09-18T14:27:00,33600
http://irail.be/stations/NMBS/008200100,http://irail.be/stations/NMBS/008892338,299664.3,1688,172019-09-18T09:04:00,19680,2019-09-18T14:30:00,33840
http://irail.be/stations/NMBS/008200100,http://irail.be/stations/NMBS/008892403,270658.9,1595,172019-09-18T08:32:00,17820,2019-09-18T14:00:00,32100
http://irail.be/stations/NMBS/008200100,http://irail.be/stations/NMBS/008892452,281253.3,1658,172019-09-18T08:38:00,18420,2019-09-18T14:06:00,32700
http://irail.be/stations/NMBS/008200100,http://irail.be/stations/NMBS/008892601,227579.5,2112,352019-09-18T08:22:00,15420,2019-09-18T20:22:00,18720
http://irail.be/stations/NMBS/008200100,http://irail.be/stations/NMBS/008892627,227629.5,2099,202019-09-18T08:33:00,16020,2019-09-18T10:19:00,18480
http://irail.be/stations/NMBS/008200100,http://irail.be/stations/NMBS/008892635,228948.4,2179,202019-09-18T08:37:00,16260,2019-09-18T10:15:00,18120
http://irail.be/stations/NMBS/008200100,http://irail.be/stations/NMBS/008892643,230841.5,2154,202019-09-18T08:38:00,16320,2019-09-18T10:10:00,17880
http://irail.be/stations/NMBS/008200100,http://irail.be/stations/NMBS/008892650,233646.9,2131,202019-09-18T08:34:00,16080,2019-09-18T10:05:00,17640
http://irail.be/stations/NMBS/008200100,http://irail.be/stations/NMBS/008892692,223758.5,2237,392019-09-18T08:32:00,15960,2019-09-18T13:03:00,28620
http://irail.be/stations/NMBS/008200100,http://irail.be/stations/NMBS/008892734,232036.7,1948,462019-09-18T08:47:00,17040,2019-09-18T13:15:00,29460
http://irail.be/stations/NMBS/008200100,http://irail.be/stations/NMBS/008892908,220514,1595,182019-09-18T08:35:00,16560,2019-09-18T10:35:00,19800
http://irail.be/stations/NMBS/008200100,http://irail.be/stations/NMBS/008893013,230301.6,3272,402019-09-18T08:05:00,14400,2019-09-18T09:07:00,18000
http://irail.be/stations/NMBS/008200100,http://irail.be/stations/NMBS/008893039,227739.6,3796,362019-09-18T08:11:00,14700,2019-09-18T09:04:00,17760
http://irail.be/stations/NMBS/008200100,http://irail.be/stations/NMBS/008893047,225814.9,2426,162019-09-18T08:16:00,14940,2019-09-18T10:16:00,18180
http://irail.be/stations/NMBS/008200100,http://irail.be/stations/NMBS/008893054,225650.5,2204,162019-09-18T08:19:00,15060,2019-09-18T10:19:00,18300
http://irail.be/stations/NMBS/008200100,http://irail.be/stations/NMBS/008893062,224915.5,2261,192019-09-18T08:21:00,15300,2019-09-18T10:21:00,18540
http://irail.be/stations/NMBS/008200100,http://irail.be/stations/NMBS/008893070,223903,2210,192019-09-18T08:25:00,15420,2019-09-18T10:25:00,18660
http://irail.be/stations/NMBS/008200100,http://irail.be/stations/NMBS/008893120,234678.6,3190,292019-09-18T07:33:00,14100,2019-09-18T14:09:00,32520
http://irail.be/stations/NMBS/008200100,http://irail.be/stations/NMBS/008893179,232534.4,2289,232019-09-18T07:42:00,14880,2019-09-18T14:04:00,32280
http://irail.be/stations/NMBS/008200100,http://irail.be/stations/NMBS/008893211,238202,1339,172019-09-18T08:25:00,15660,2019-09-18T10:25:00,18900
http://irail.be/stations/NMBS/008200100,http://irail.be/stations/NMBS/008893252,240566.4,1394,172019-09-18T08:32:00,15960,2019-09-18T10:32:00,19200
http://irail.be/stations/NMBS/008200100,http://irail.be/stations/NMBS/008893260,243737.7,1396,172019-09-18T08:36:00,16200,2019-09-18T10:36:00,19440
http://irail.be/stations/NMBS/008200100,http://irail.be/stations/NMBS/008893401,214121.8,2806,122019-09-18T07:54:00,13560,2019-09-18T09:32:00,15660
http://irail.be/stations/NMBS/008200100,http://irail.be/stations/NMBS/008893443,213249.8,2345,262019-09-18T07:26:00,13740,2019-09-18T18:26:00,18780
http://irail.be/stations/NMBS/008200100,http://irail.be/stations/NMBS/008893518,215291.9,2275,262019-09-18T08:03:00,14220,2019-09-18T10:50:00,20280
http://irail.be/stations/NMBS/008200100,http://irail.be/stations/NMBS/008893526,216941.5,2218,262019-09-18T08:07:00,14460,2019-09-18T10:47:00,20040
http://irail.be/stations/NMBS/008200100,http://irail.be/stations/NMBS/008893534,218927,2160,262019-09-18T08:11:00,14640,2019-09-18T10:44:00,19860
http://irail.be/stations/NMBS/008200100,http://irail.be/stations/NMBS/008893542,221416.8,2758,422019-09-18T08:14:00,14820,2019-09-18T10:25:00,18780
http://irail.be/stations/NMBS/008200100,http://irail.be/stations/NMBS/008893559,223297.4,3887,322019-09-18T08:18:00,15000,2019-09-18T19:57:00,17040
http://irail.be/stations/NMBS/008200100,http://irail.be/stations/NMBS/008893567,225230.3,2379,302019-09-18T08:21:00,15300,2019-09-18T12:47:00,27600
http://irail.be/stations/NMBS/008200100,http://irail.be/stations/NMBS/008893583,218055.2,1795,392019-09-18T08:24:00,15420,2019-09-18T10:24:00,18660
http://irail.be/stations/NMBS/008200100,http://irail.be/stations/NMBS/008893708,252635.4,1293,172019-09-18T08:45:00,16740,2019-09-18T10:45:00,19980
http://irail.be/stations/NMBS/008200100,http://irail.be/stations/NMBS/008893815,248524.7,1415,172019-09-18T08:40:00,16500,2019-09-18T10:40:00,19740
http://irail.be/stations/NMBS/008200100,http://irail.be/stations/NMBS/008894151,230090.7,2084,152019-09-18T07:52:00,15660,2019-09-18T14:13:00,33060
http://irail.be/stations/NMBS/008200100,http://irail.be/stations/NMBS/008894201,226474.3,3368,172019-09-18T07:44:00,14880,2019-09-18T20:06:00,17640
http://irail.be/stations/NMBS/008200100,http://irail.be/stations/NMBS/008894235,221060.4,2196,162019-09-18T08:06:00,14580,2019-09-18T10:06:00,17820
http://irail.be/stations/NMBS/008200100,http://irail.be/stations/NMBS/008894425,225584.2,2574,172019-09-18T08:22:00,15480,2019-09-18T10:22:00,18720
http://irail.be/stations/NMBS/008200100,http://irail.be/stations/NMBS/008894433,225319.8,3038,282019-09-18T08:28:00,15660,2019-09-18T10:28:00,18900
http://irail.be/stations/NMBS/008200100,http://irail.be/stations/NMBS/008894508,224606.2,4250,542019-09-18T07:55:00,15480,2019-09-18T10:11:00,18120
http://irail.be/stations/NMBS/008200100,http://irail.be/stations/NMBS/008894672,217231.4,2217,232019-09-18T08:06:00,16200,2019-09-18T10:06:00,17640
http://irail.be/stations/NMBS/008200100,http://irail.be/stations/NMBS/008894714,223929.2,2139,352019-09-18T08:09:00,16380,2019-09-18T10:42:00,19860
http://irail.be/stations/NMBS/008200100,http://irail.be/stations/NMBS/008894748,222754.6,2427,402019-09-18T08:23:00,15300,2019-09-18T10:29:00,18960
http://irail.be/stations/NMBS/008200100,http://irail.be/stations/NMBS/008894755,221819.8,1635,342019-09-18T08:35:00,16140,2019-09-18T10:35:00,19380
http://irail.be/stations/NMBS/008200100,http://irail.be/stations/NMBS/008894821,220340.2,1728,342019-09-18T08:30:00,15900,2019-09-18T10:30:00,19140
http://irail.be/stations/NMBS/008200100,http://irail.be/stations/NMBS/008895000,210798.4,3048,472019-09-18T07:20:00,13380,2019-09-18T09:43:00,16200
http://irail.be/stations/NMBS/008200100,http://irail.be/stations/NMBS/008895067,215721.5,2127,362019-09-18T07:48:00,15120,2019-09-18T13:49:00,16680
http://irail.be/stations/NMBS/008200100,http://irail.be/stations/NMBS/008895091,208207.1,2592,292019-09-18T07:15:00,13140,2019-09-18T09:45:00,16380
http://irail.be/stations/NMBS/008200100,http://irail.be/stations/NMBS/008895125,211995.2,818,162019-09-18T08:23:00,15360,2019-09-18T12:22:00,26100
http://irail.be/stations/NMBS/008200100,http://irail.be/stations/NMBS/008895208,217066.2,2451,362019-09-18T08:10:00,14580,2019-09-18T20:07:00,17700
http://irail.be/stations/NMBS/008200100,http://irail.be/stations/NMBS/008895232,221941.7,1989,392019-09-18T08:26:00,15720,2019-09-18T12:56:00,28380
http://irail.be/stations/NMBS/008200100,http://irail.be/stations/NMBS/008895240,219768.7,1962,322019-09-18T08:21:00,15300,2019-09-18T10:31:00,19080
http://irail.be/stations/NMBS/008200100,http://irail.be/stations/NMBS/008895257,221916.6,1757,322019-09-18T08:25:00,15480,2019-09-18T10:28:00,18900
http://irail.be/stations/NMBS/008200100,http://irail.be/stations/NMBS/008895422,216349.8,1792,402019-09-18T08:01:00,15840,2019-09-18T20:04:00,17820
http://irail.be/stations/NMBS/008200100,http://irail.be/stations/NMBS/008895430,215554.2,1823,402019-09-18T07:59:00,15660,2019-09-18T20:02:00,17640
http://irail.be/stations/NMBS/008200100,http://irail.be/stations/NMBS/008895448,215033.3,1429,362019-09-18T07:57:00,15540,2019-09-18T20:00:00,17520
http://irail.be/stations/NMBS/008200100,http://irail.be/stations/NMBS/008895455,214094.4,1672,392019-09-18T07:52:00,15360,2019-09-18T19:55:00,17340
http://irail.be/stations/NMBS/008200100,http://irail.be/stations/NMBS/008895463,213891.8,725,162019-09-18T08:33:00,16020,2019-09-18T12:32:00,26760
http://irail.be/stations/NMBS/008200100,http://irail.be/stations/NMBS/008895471,213626.3,696,162019-09-18T08:30:00,15780,2019-09-18T12:29:00,26520
http://irail.be/stations/NMBS/008200100,http://irail.be/stations/NMBS/008895489,213782.2,718,162019-09-18T08:26:00,15600,2019-09-18T12:25:00,26340
http://irail.be/stations/NMBS/008200100,http://irail.be/stations/NMBS/008895505,207058.2,2287,542019-09-18T07:29:00,14040,2019-09-18T18:48:00,20280
http://irail.be/stations/NMBS/008200100,http://irail.be/stations/NMBS/008895570,212693.4,1892,262019-09-18T08:27:00,15840,2019-09-18T10:41:00,19920
http://irail.be/stations/NMBS/008200100,http://irail.be/stations/NMBS/008895612,203252,1423,342019-09-18T07:25:00,13680,2019-09-18T10:25:00,18720
http://irail.be/stations/NMBS/008200100,http://irail.be/stations/NMBS/008895620,200027.2,1432,342019-09-18T07:22:00,13500,2019-09-18T10:22:00,18540
http://irail.be/stations/NMBS/008200100,http://irail.be/stations/NMBS/008895638,197954.7,1461,342019-09-18T07:19:00,13320,2019-09-18T10:19:00,18360
http://irail.be/stations/NMBS/008200100,http://irail.be/stations/NMBS/008895646,195938,1434,342019-09-18T07:15:00,13140,2019-09-18T10:15:00,18180
http://irail.be/stations/NMBS/008200100,http://irail.be/stations/NMBS/008895711,207429.4,2049,502019-09-18T07:37:00,14460,2019-09-18T10:37:00,19500
http://irail.be/stations/NMBS/008200100,http://irail.be/stations/NMBS/008895729,206501.4,2519,502019-09-18T07:41:00,14580,2019-09-18T10:41:00,19620
http://irail.be/stations/NMBS/008200100,http://irail.be/stations/NMBS/008895737,204915.1,2042,502019-09-18T08:12:00,14640,2019-09-18T10:43:00,19800
http://irail.be/stations/NMBS/008200100,http://irail.be/stations/NMBS/008895745,204576.5,2061,502019-09-18T08:09:00,14520,2019-09-18T10:46:00,19920
http://irail.be/stations/NMBS/008200100,http://irail.be/stations/NMBS/008895752,204216.1,2001,502019-09-18T08:06:00,14340,2019-09-18T10:48:00,20100
http://irail.be/stations/NMBS/008200100,http://irail.be/stations/NMBS/008895760,203649.3,2048,502019-09-18T08:02:00,14100,2019-09-18T10:51:00,20280
http://irail.be/stations/NMBS/008200100,http://irail.be/stations/NMBS/008895778,203529.8,1983,502019-09-18T07:59:00,13920,2019-09-18T10:55:00,20520
http://irail.be/stations/NMBS/008200100,http://irail.be/stations/NMBS/008895802,205245.8,2523,352019-09-18T07:09:00,12720,2019-09-18T09:33:00,15660
http://irail.be/stations/NMBS/008200100,http://irail.be/stations/NMBS/008895836,203333.6,2034,352019-09-18T07:07:00,12540,2019-09-18T09:19:00,15360
http://irail.be/stations/NMBS/008200100,http://irail.be/stations/NMBS/008895844,204265.7,1897,502019-09-18T07:56:00,13740,2019-09-18T10:58:00,20700
http://irail.be/stations/NMBS/008200100,http://irail.be/stations/NMBS/008895851,207193.7,1385,362019-09-18T07:43:00,14760,2019-09-18T19:46:00,16740
http://irail.be/stations/NMBS/008200100,http://irail.be/stations/NMBS/008895869,208823.8,1576,362019-09-18T07:46:00,14940,2019-09-18T19:49:00,16920
http://irail.be/stations/NMBS/008200100,http://irail.be/stations/NMBS/008895877,211010.7,1714,362019-09-18T07:49:00,15120,2019-09-18T19:52:00,17100
http://irail.be/stations/NMBS/008200100,http://irail.be/stations/NMBS/008896008,245381.2,2418,302019-09-18T07:58:00,15720,2019-09-18T13:38:00,23220
http://irail.be/stations/NMBS/008200100,http://irail.be/stations/NMBS/008896115,244382.3,2095,262019-09-18T08:31:00,16020,2019-09-18T13:31:00,22860
http://irail.be/stations/NMBS/008200100,http://irail.be/stations/NMBS/008896149,240268,2151,272019-09-18T07:46:00,15120,2019-09-18T13:23:00,22440
http://irail.be/stations/NMBS/008200100,http://irail.be/stations/NMBS/008896230,238479.7,1580,462019-09-18T08:54:00,17400,2019-09-18T13:22:00,29880
http://irail.be/stations/NMBS/008200100,http://irail.be/stations/NMBS/008896305,252945.5,1502,262019-09-18T08:20:00,17040,2019-09-18T13:29:00,30180
http://irail.be/stations/NMBS/008200100,http://irail.be/stations/NMBS/008896370,249440,1422,262019-09-18T08:16:00,16740,2019-09-18T13:24:00,29880
http://irail.be/stations/NMBS/008200100,http://irail.be/stations/NMBS/008896388,247854.2,1432,262019-09-18T08:10:00,16500,2019-09-18T13:19:00,29640
http://irail.be/stations/NMBS/008200100,http://irail.be/stations/NMBS/008896396,256021.2,1478,262019-09-18T08:25:00,17340,2019-09-18T13:34:00,30540
http://irail.be/stations/NMBS/008200100,http://irail.be/stations/NMBS/008896412,258410,1403,262019-09-18T08:30:00,17580,2019-09-18T13:40:00,30840
http://irail.be/stations/NMBS/008200100,http://irail.be/stations/NMBS/008896503,270035.7,1441,262019-09-18T08:34:00,18180,2019-09-18T13:45:00,31440
http://irail.be/stations/NMBS/008200100,http://irail.be/stations/NMBS/008896735,279018.9,1413,262019-09-18T08:44:00,18720,2019-09-18T13:55:00,31980
http://irail.be/stations/NMBS/008200100,http://irail.be/stations/NMBS/008896800,260850.7,2214,232019-09-18T08:19:00,17100,2019-09-18T10:36:00,19620
http://irail.be/stations/NMBS/008200100,http://irail.be/stations/NMBS/008896909,254370.8,2293,242019-09-18T08:25:00,17280,2019-09-18T10:44:00,20040
http://irail.be/stations/NMBS/008200100,http://irail.be/stations/NMBS/008896925,251432.6,2219,242019-09-18T08:16:00,17100,2019-09-18T10:51:00,20340
